2025-04-01,2
2025-04-02,1
2025-04-03,2
2025-04-04,0
2025-04-05,0
2025-04-06,1
2025-04-07,2
2025-04-08,0
2025-04-09,1
2025-04-10,2
2025-04-11,4
2025-04-12,0
2025-04-13,0
2025-04-14,2
2025-04-15,1
2025-04-16,1
2025-04-17,1
2025-04-18,0
2025-04-19,0
2025-04-20,0
2025-04-21,0
2025-04-22,1
2025-04-23,2
2025-04-24,0
2025-04-25,0
2025-04-26,1
2025-04-27,0
2025-04-28,1
2025-04-29,0
2025-04-30,1
2025-05-01,1
2025-05-02,0
2025-05-03,0
2025-05-04,0
2025-05-05,0
2025-05-06,0
2025-05-07,0
2025-05-08,0
2025-05-09,0
2025-05-10,0
2025-05-11,0
2025-05-12,0
2025-05-13,1
2025-05-14,0
2025-05-15,0
2025-05-16,0
2025-05-17,0
2025-05-18,0
2025-05-19,0
2025-05-20,1
2025-05-21,0
2025-05-22,0
2025-05-23,2
2025-05-24,0
2025-05-25,1
2025-05-26,1
2025-05-27,1
2025-06-12,2
2025-06-13,2
2025-06-14,0
2025-06-15,0
2025-06-16,2
2025-06-17,1
2025-06-18,0
2025-06-19,0
2025-06-20,0
2025-06-21,1
2025-06-22,0
2025-06-23,0
2025-06-24,1
2025-06-25,0
2025-06-26,1
2025-06-27,0
2025-06-28,0
2025-06-29,0
2025-06-30,0
