2025-10-01,2642
2025-10-02,2567
2025-10-03,2148
2025-10-04,723
2025-10-05,667
2025-10-06,2050
2025-10-07,2484
2025-10-08,2596
2025-10-09,2622
2025-10-10,1990
2025-10-11,586
2025-10-12,510
2025-10-13,1066
2025-10-14,2329
2025-10-16,2749
2025-10-17,2447
2025-10-18,895
2025-10-19,687
2025-10-20,2196
2025-10-21,2651
2025-10-22,2699
2025-10-23,2582
2025-10-24,2282
2025-10-25,787
2025-10-26,592
2025-10-27,2017
2025-10-28,2541
2025-10-29,2555
2025-10-30,2732
2025-10-31,2185
2025-11-01,694
2025-11-02,659
2025-11-03,2321
2025-11-04,2816
2025-11-05,2972
2025-11-06,2896
2025-11-07,2400
2025-11-08,751
2025-11-09,600
2025-11-10,1579
2025-11-11,1174
2025-11-12,2710
2025-11-13,2929
2025-11-14,2560
2025-11-15,1015
2025-11-16,823
2025-11-17,2476
2025-11-18,3068
2025-11-19,3086
2025-11-20,3017
2025-11-21,2459
2025-11-22,794
2025-11-23,725
2025-11-24,2477
2025-11-25,2827
2025-11-26,2229
2025-11-27,1162
2025-11-28,937
2025-11-29,410
2025-11-30,492
2025-12-01,2051
2025-12-02,2421
2025-12-03,2880
2025-12-04,2723
2025-12-05,2196
2025-12-06,849
2025-12-07,779
2025-12-08,2401
2025-12-09,2974
2025-12-10,3119
2025-12-11,3047
2025-12-12,2527
2025-12-13,775
2025-12-14,659
2025-12-15,2336
2025-12-16,3005
2025-12-17,2848
2025-12-18,2456
2025-12-19,2027
2025-12-20,577
2025-12-21,467
2025-12-22,1305
2025-12-23,1213
2025-12-24,447
2025-12-26,311
2025-12-27,289
2025-12-28,278
2025-12-29,803
2025-12-30,1073
