2026-05-21,0.755525
2026-05-22,0.661122
2026-05-23,0.851182
2026-05-24,0.788215
2026-05-25,0.932748
2026-05-26,0.861193
2026-05-27,0.793922
2026-05-28,0.792594
2026-05-29,1.0
2026-05-30,0.752774
2026-05-31,0.769016
2026-06-01,0.746375
2026-06-02,0.84714
2026-06-03,0.909414
2026-06-04,0.888269
2026-06-05,0.77012
2026-06-06,0.681518
2026-06-07,0.737561
2026-06-08,0.725323
2026-06-09,0.62598
2026-06-10,0.633072
2026-06-11,0.616624
2026-06-12,0.654628
2026-06-13,0.669056
2026-06-14,0.656331
2026-06-15,0.618495
2026-06-16,0.622275
2026-06-17,0.674594
2026-06-18,0.57323
2026-06-19,0.75372
2026-06-20,0.883528
2026-06-21,0.808406
2026-06-22,0.787425
2026-06-23,0.890582
2026-06-24,0.964911
2026-06-25,0.708696
2026-06-26,0.841998
2026-06-27,0.798199
2026-06-28,0.840342
2026-06-29,0.896979
2026-06-30,0.88752
2026-07-01,0.663264
2026-07-02,0.658977
2026-07-03,0.866789
2026-07-04,0.911019
2026-07-05,0.854155
2026-07-06,0.759912
2026-07-07,0.901651
2026-07-08,0.802826
2026-07-09,0.83136
2026-07-10,0.805956
2026-07-11,0.927327
2026-07-12,0.880625
2026-07-13,0.929663
2026-07-14,0.938101
2026-07-15,1.0
2026-07-16,0.96575
2026-07-17,0.902118
2026-07-18,0.634245
2026-07-19,0.691822
2026-07-20,0.716362
2026-07-21,0.703318
2026-07-22,0.659777
2026-07-23,0.630214
2026-07-24,0.507991
2026-07-25,0.56533
2026-07-26,0.615165
2026-07-27,0.64985
2026-07-28,0.871602
2026-07-29,0.824488
2026-07-30,0.597137
2026-07-31,0.649274
2026-08-01,0.692398
2026-08-02,0.753192
2026-08-03,0.817182
2026-08-04,0.885302
2026-08-05,0.937638
2026-08-06,1.0
2026-08-07,0.91957
2026-08-08,0.962972
2026-08-09,0.932912
2026-08-10,0.834852
2026-08-11,0.874382
2026-08-12,0.80251
2026-08-13,0.861894
2026-08-14,0.786529
2026-08-15,0.743853
2026-08-16,1.0
2026-08-17,0.56596
2026-08-18,0.714906
2026-08-19,0.838183
2026-08-20,0.77945
2026-08-21,0.728821
2026-08-22,0.728262
2026-08-23,0.534032
2026-08-24,0.534331
2026-08-25,0.671615
2026-08-26,0.711031
2026-08-27,0.662935
2026-08-28,0.649318
2026-08-29,0.689703
2026-08-30,0.736514
2026-08-31,0.709001
2026-09-01,0.630765
2026-09-02,0.598577
2026-09-03,0.807932
2026-09-04,0.70127
2026-09-05,0.531592
2026-09-06,0.619011
2026-09-07,0.660476
2026-09-08,0.662153
2026-09-09,0.657011
2026-09-10,0.694602
2026-09-11,0.598385
2026-09-12,0.714857
2026-09-13,0.707505
2026-09-14,0.720414
2026-09-15,0.670905
2026-09-16,0.657528
2026-09-17,0.64692
2026-09-18,0.627284
2026-09-19,0.679504
2026-09-20,0.66018
2026-09-21,0.568707
2026-09-22,0.393035
2026-09-23,0.516233
2026-09-24,0.451612
2026-09-25,0.588519
2026-09-26,0.657177
2026-09-27,0.621064
2026-09-28,0.763547
2026-09-29,0.779459
2026-09-30,0.78605
2026-10-01,0.770197
2026-10-02,0.69565
2026-10-03,0.577423
2026-10-04,0.6025
2026-10-05,1.0
2026-10-06,0.553946
