2018-01-01,5.847953216374269
2018-01-02,0.0
2018-01-03,3.8314176245210727
2018-01-04,20.99737532808399
2018-01-05,23.728813559322035
2018-01-06,14.218009478672986
2018-01-07,0.0
2018-01-08,20.771513353115726
2018-01-09,8.333333333333334
2018-01-10,2.5974025974025974
2018-01-11,2.770083102493075
2018-01-12,5.865102639296188
2018-01-13,4.424778761061947
2018-01-14,0.0
2018-01-15,4.672897196261682
2018-01-16,0.0
2018-01-17,3.690036900369004
2018-01-18,13.559322033898304
2018-01-19,16.286644951140065
2018-01-20,11.11111111111111
2018-01-21,0.0
2018-01-22,8.298755186721992
2018-01-23,0.0
2018-01-24,0.0
2018-01-25,2.985074626865672
2018-01-26,0.0
2018-01-27,4.672897196261682
2018-01-28,0.0
2018-01-29,10.638297872340425
2018-01-30,4.966887417218543
2018-01-31,5.357142857142857
2018-02-01,7.874015748031496
2018-02-02,0.0
2018-02-03,0.0
2018-02-04,0.0
2018-02-05,3.4722222222222223
2018-02-06,0.0
2018-02-07,4.838709677419355
2018-02-08,1.589825119236884
2018-02-09,8.869179600886918
2018-02-10,10.79136690647482
2018-02-11,0.0
2018-02-12,29.12621359223301
2018-02-13,4.819277108433735
2018-02-14,9.375
2018-02-15,5.4945054945054945
2018-02-16,0.0
2018-02-17,6.369426751592357
2018-02-18,7.575757575757576
2018-02-19,8.810572687224669
2018-02-20,37.81512605042017
2018-02-21,5.970149253731344
2018-02-22,5.141388174807198
2018-02-23,6.097560975609756
2018-02-24,4.444444444444445
2018-02-25,5.2631578947368425
2018-02-26,0.0
2018-02-27,8.982035928143713
2018-02-28,0.0
2018-03-01,5.964214711729622
2018-03-02,0.0
2018-03-03,10.135135135135135
2018-03-04,10.75268817204301
2018-03-05,0.0
2018-03-06,9.433962264150944
2018-03-07,0.0
2018-03-08,0.0
2018-03-09,0.0
2018-03-10,0.0
2018-03-11,14.77832512315271
2018-03-12,0.0
2018-03-13,0.0
2018-03-14,8.791208791208792
2018-03-15,15.09433962264151
2018-03-16,5.0761421319796955
2018-03-17,2.3094688221709005
2018-03-18,0.0
2018-03-19,12.320328542094456
2018-03-20,10.126582278481013
2018-03-21,13.043478260869565
2018-03-22,4.5592705167173255
2018-03-23,25.291828793774318
2018-03-24,12.944983818770227
2018-03-25,3.4364261168384878
2018-03-26,44.37400950871632
2018-03-27,5.714285714285714
2018-03-28,7.299270072992701
2018-03-29,3.992015968063872
2018-03-30,4.750593824228028
2018-03-31,0.0
2018-04-01,0.0
2018-04-02,0.0
2018-04-03,0.0
2018-04-04,0.0
2018-04-05,0.0
2018-04-06,0.0
2018-04-07,0.0
2018-04-08,0.0
2018-04-09,3.076923076923077
2018-04-10,9.389671361502348
2018-04-11,2.0161290322580645
2018-04-12,22.471910112359552
2018-04-13,64.51612903225806
2018-04-14,3.861003861003861
2018-04-15,0.0
2018-04-16,27.3224043715847
2018-04-17,22.177419354838708
2018-04-18,40.28776978417266
2018-04-19,36.048064085447265
2018-04-20,19.867549668874172
2018-04-21,16.736401673640167
2018-04-22,33.333333333333336
2018-04-23,26.881720430107528
2018-04-24,24.350649350649352
2018-04-25,9.63855421686747
2018-04-26,42.513863216266174
2018-04-27,11.160714285714286
2018-04-28,20.066889632107024
2018-04-29,14.018691588785046
2018-04-30,5.333333333333333
2018-05-01,7.374631268436578
2018-05-02,1.9011406844106464
2018-05-03,15.748031496062993
2018-05-04,6.2761506276150625
2018-05-05,0.0
2018-05-06,0.0
2018-05-07,9.732360097323602
2018-05-08,0.0
2018-05-09,2.262443438914027
2018-05-10,3.8461538461538463
2018-05-11,24.91103202846975
2018-05-12,45.627376425855516
2018-05-13,36.64921465968586
2018-05-14,25.210084033613445
2018-05-15,0.0
2018-05-16,32.196969696969695
2018-05-17,50.239234449760765
2018-05-18,25.44529262086514
2018-05-19,4.081632653061225
2018-05-20,27.027027027027028
2018-05-21,11.019283746556473
2018-05-22,0.0
2018-05-23,10.282776349614396
2018-05-24,0.0
2018-05-25,8.474576271186441
2018-05-26,1.9230769230769231
2018-05-27,0.0
2018-05-28,0.0
2018-05-29,3.484320557491289
2018-05-30,2.6881720430107525
2018-05-31,4.264392324093817
2018-06-01,1.876172607879925
2018-06-02,14.760147601476016
2018-06-03,26.200873362445414
2018-06-04,52.33644859813084
2018-06-05,39.03903903903904
2018-06-06,19.637462235649547
2018-06-07,48.63813229571984
2018-06-08,51.22950819672131
2018-06-09,22.388059701492537
2018-06-10,27.888446215139442
2018-06-11,5.9171597633136095
2018-06-12,16.923076923076923
2018-06-13,8.928571428571429
2018-06-14,0.0
2018-06-15,0.0
2018-06-16,0.0
2018-06-17,0.0
2018-06-18,0.0
2018-06-19,17.24137931034483
2018-06-20,8.955223880597014
2018-06-21,0.0
2018-06-22,3.0303030303030303
2018-06-23,0.0
2018-06-24,25.77319587628866
2018-06-25,12.903225806451612
2018-06-26,18.083182640144667
2018-06-27,8.635578583765112
2018-06-28,2.0120724346076457
2018-06-29,3.289473684210526
2018-06-30,0.0
2018-07-01,0.0
2018-07-02,3.3222591362126246
2018-07-03,5.617977528089888
2018-07-04,0.0
2018-07-05,4.750593824228028
2018-07-06,0.0
2018-07-07,33.70786516853933
2018-07-08,18.248175182481752
2018-07-09,7.772020725388601
2018-07-10,13.636363636363637
2018-07-11,29.891304347826086
2018-07-12,38.57566765578635
2018-07-13,2.717391304347826
2018-07-14,4.901960784313726
2018-07-15,14.388489208633093
2018-07-16,0.0
2018-07-17,4.878048780487805
2018-07-18,7.874015748031496
2018-07-19,33.93665158371041
2018-07-20,11.52073732718894
2018-07-21,0.0
2018-07-22,17.857142857142858
2018-07-23,0.0
2018-07-24,2.5906735751295336
2018-07-25,5.736137667304015
2018-07-26,10.799136069114471
2018-07-27,4.938271604938271
2018-07-28,9.174311926605505
2018-07-29,0.0
2018-07-30,5.291005291005291
2018-07-31,0.0
2018-08-01,11.560693641618498
2018-08-02,13.986013986013987
2018-08-03,15.92356687898089
2018-08-04,0.0
2018-08-05,9.216589861751151
2018-08-06,3.8314176245210727
2018-08-07,0.0
2018-08-08,2.4691358024691357
2018-08-09,0.0
2018-08-10,6.122448979591836
2018-08-11,9.345794392523365
2018-08-12,3.5842293906810037
2018-08-13,1.9920318725099602
2018-08-14,3.883495145631068
2018-08-15,5.1993067590987865
2018-08-16,7.285974499089253
2018-08-17,14.056224899598394
2018-08-18,24.0
2018-08-19,0.0
2018-08-20,0.0
2018-08-21,1.0940919037199124
2018-08-22,1.335113484646195
2018-08-23,0.0
2018-08-24,7.331378299120234
2018-08-25,0.0
2018-08-26,3.787878787878788
2018-08-27,5.1020408163265305
2018-08-28,4.784688995215311
2018-08-29,2.6954177897574123
2018-08-30,0.0
2018-08-31,2.6525198938992043
2018-09-01,0.0
2018-09-02,0.0
2018-09-03,0.0
2018-09-04,0.0
2018-09-05,0.0
2018-09-06,3.5335689045936394
2018-09-07,26.50602409638554
2018-09-08,0.0
2018-09-09,0.0
2018-09-10,10.309278350515465
2018-09-11,11.11111111111111
2018-09-12,4.705882352941177
2018-09-13,0.0
2018-09-14,7.894736842105263
2018-09-15,18.072289156626507
2018-09-16,15.92356687898089
2018-09-17,7.042253521126761
2018-09-18,5.813953488372093
2018-09-19,2.237136465324385
2018-09-20,7.6452599388379205
2018-09-21,1.2531328320802004
2018-09-22,4.329004329004329
2018-09-23,0.0
2018-09-24,5.217391304347826
2018-09-25,10.899182561307901
2018-09-26,4.769475357710652
2018-09-27,2.242152466367713
2018-09-28,2.73972602739726
2018-09-29,0.0
2018-09-30,0.0
2018-10-01,0.0
2018-10-02,2.0366598778004072
2018-10-03,5.1020408163265305
2018-10-04,7.407407407407407
2018-10-05,14.527845036319613
2018-10-06,5.46448087431694
2018-10-07,4.672897196261682
2018-10-08,2.6041666666666665
2018-10-09,9.803921568627452
2018-10-10,12.962962962962964
2018-10-11,16.01423487544484
2018-10-12,13.201320132013201
2018-10-13,31.088082901554404
2018-10-14,10.869565217391305
2018-10-15,6.802721088435374
2018-10-16,4.291845493562231
2018-10-17,13.245033112582782
2018-10-18,7.5566750629722925
2018-10-19,0.0
2018-10-20,10.615711252653927
2018-10-21,13.774104683195592
2018-10-22,16.1090458488228
2018-10-23,30.50397877984085
2018-10-24,21.551724137931036
2018-10-25,10.683760683760683
2018-10-26,24.390243902439025
2018-10-27,20.5761316872428
2018-10-28,9.615384615384615
2018-10-29,15.290519877675841
2018-10-30,2.2172949002217295
2018-10-31,14.9812734082397
2018-11-01,7.619047619047619
2018-11-02,2.0202020202020203
2018-11-03,14.184397163120567
2018-11-04,10.309278350515465
2018-11-05,11.0803324099723
2018-11-06,2.570694087403599
2018-11-07,0.0
2018-11-08,29.702970297029704
2018-11-09,4.3478260869565215
2018-11-10,19.9203187250996
2018-11-11,0.0
2018-11-12,8.241758241758241
2018-11-13,5.181347150259067
2018-11-14,2.6954177897574123
2018-11-15,13.698630136986301
2018-11-16,3.115264797507788
2018-11-17,0.0
2018-11-18,0.0
2018-11-19,0.0
2018-11-20,9.195402298850574
2018-11-21,0.0
2018-11-22,4.640371229698376
2018-11-23,4.842615012106537
2018-11-24,6.012024048096192
2018-11-25,1.834862385321101
2018-11-26,0.0
2018-11-27,0.0
2018-11-28,4.11522633744856
2018-11-29,16.0427807486631
2018-11-30,14.150943396226415
2018-12-01,2.932551319648094
2018-12-02,0.0
2018-12-03,6.191950464396285
2018-12-04,0.0
2018-12-05,0.0
2018-12-06,0.0
2018-12-07,0.0
2018-12-08,0.0
2018-12-09,0.0
2018-12-10,7.194244604316546
2018-12-11,0.0
2018-12-12,2.9940119760479043
2018-12-13,3.389830508474576
2018-12-14,0.0
2018-12-15,0.0
2018-12-16,0.0
2018-12-17,0.0
2018-12-18,5.2631578947368425
2018-12-19,0.0
2018-12-20,0.0
2018-12-21,0.0
2018-12-22,0.0
2018-12-23,0.0
2018-12-24,0.0
2018-12-25,8.403361344537815
2018-12-26,0.0
2018-12-27,0.0
2018-12-28,0.0
2018-12-29,31.446540880503143
2018-12-30,12.658227848101266
2018-12-31,0.0
2019-01-01,8.620689655172415
2019-01-02,7.329842931937173
2019-01-03,9.370816599732262
2019-01-04,5.9171597633136095
2019-01-05,17.341040462427745
2019-01-06,22.900763358778626
2019-01-07,9.174311926605505
2019-01-08,8.714596949891067
2019-01-09,5.208333333333333
2019-01-10,0.0
2019-01-11,10.840108401084011
2019-01-12,0.0
2019-01-13,14.423076923076923
2019-01-14,14.409221902017292
2019-01-15,15.463917525773196
2019-01-16,6.564551422319475
2019-01-17,37.65690376569037
2019-01-18,19.464720194647203
2019-01-19,14.388489208633093
2019-01-20,4.854368932038835
2019-01-21,0.0
2019-01-22,13.157894736842104
2019-01-23,7.042253521126761
2019-01-24,16.39344262295082
2019-01-25,11.494252873563218
2019-01-26,7.633587786259542
2019-01-27,0.0
2019-01-28,0.0
2019-01-29,0.0
2019-01-30,5.813953488372093
2019-01-31,13.043478260869565
2019-02-01,0.0
2019-02-02,27.932960893854748
2019-02-03,0.0
2019-02-04,7.518796992481203
2019-02-05,13.636363636363637
2019-02-06,9.950248756218905
2019-02-07,0.0
2019-02-08,11.869436201780415
2019-02-09,0.0
2019-02-10,0.0
2019-02-11,36.734693877551024
2019-02-12,0.0
2019-02-13,8.086253369272237
2019-02-14,17.301038062283737
2019-02-15,19.23076923076923
2019-02-16,14.018691588785046
2019-02-17,7.092198581560283
2019-02-18,3.5842293906810037
2019-02-19,2.840909090909091
2019-02-20,8.976660682226212
2019-02-21,7.722007722007722
2019-02-22,2.785515320334262
2019-02-23,3.90625
2019-02-24,5.1020408163265305
2019-02-25,0.0
2019-02-26,0.0
2019-02-27,8.875739644970414
2019-02-28,0.0
2019-03-01,0.0
2019-03-02,5.0761421319796955
2019-03-03,0.0
2019-03-04,5.361930294906166
2019-03-05,5.277044854881266
2019-03-06,9.67741935483871
2019-03-07,15.659955257270694
2019-03-08,7.246376811594203
2019-03-09,4.545454545454546
2019-03-10,0.0
2019-03-11,0.0
2019-03-12,1.5527950310559007
2019-03-13,0.0
2019-03-14,0.0
2019-03-15,4.705882352941177
2019-03-16,4.184100418410042
2019-03-17,14.285714285714286
2019-03-18,0.0
2019-03-19,0.0
2019-03-20,0.0
2019-03-21,2.127659574468085
2019-03-22,17.793594306049823
2019-03-23,0.0
2019-03-24,0.0
2019-03-25,9.216589861751151
2019-03-26,11.320754716981131
2019-03-27,8.474576271186441
2019-03-28,11.494252873563218
2019-03-29,0.0
2019-03-30,0.0
2019-03-31,21.05263157894737
2019-04-01,10.799136069114471
2019-04-02,14.925373134328359
2019-04-03,5.305039787798409
2019-04-04,6.779661016949152
2019-04-05,6.349206349206349
2019-04-06,18.69158878504673
2019-04-07,19.047619047619047
2019-04-08,2.192982456140351
2019-04-09,12.224938875305623
2019-04-10,5.893909626719057
2019-04-11,2.3529411764705883
2019-04-12,0.0
2019-04-13,0.0
2019-04-14,0.0
2019-04-15,21.8978102189781
2019-04-16,19.90049751243781
2019-04-17,4.178272980501393
2019-04-18,1.949317738791423
2019-04-19,0.0
2019-04-20,8.097165991902834
2019-04-21,0.0
2019-04-22,2.816901408450704
2019-04-23,2.557544757033248
2019-04-24,2.202643171806167
2019-04-25,0.0
2019-04-26,2.9411764705882355
2019-04-27,30.303030303030305
2019-04-28,0.0
2019-04-29,6.302521008403361
2019-04-30,11.160714285714286
2019-05-01,2.840909090909091
2019-05-02,1.6420361247947455
2019-05-03,10.460251046025105
2019-05-04,12.195121951219512
2019-05-05,0.0
2019-05-06,0.0
2019-05-07,0.0
2019-05-08,0.0
2019-05-09,1.953125
2019-05-10,0.0
2019-05-11,0.0
2019-05-12,0.0
2019-05-13,2.6041666666666665
2019-05-14,0.0
2019-05-15,3.225806451612903
2019-05-16,0.0
2019-05-17,0.0
2019-05-18,3.6101083032490973
2019-05-19,8.23045267489712
2019-05-20,0.0
2019-05-21,7.159904534606206
2019-05-22,2.320185614849188
2019-05-23,26.217228464419474
2019-05-24,1.8867924528301887
2019-05-25,0.0
2019-05-26,5.181347150259067
2019-05-27,14.736842105263158
2019-05-28,22.132796780684103
2019-05-29,2.3980815347721824
2019-05-30,32.388663967611336
2019-05-31,4.694835680751174
2019-06-01,0.0
2019-06-02,4.901960784313726
2019-06-03,13.38432122370937
2019-06-04,0.0
2019-06-05,0.0
2019-06-06,3.952569169960474
2019-06-07,10.060362173038229
2019-06-08,14.814814814814815
2019-06-09,0.0
2019-06-10,0.0
2019-06-11,5.859375
2019-06-12,2.1413276231263385
2019-06-13,6.160164271047228
2019-06-14,0.0
2019-06-15,0.0
2019-06-16,0.0
2019-06-17,4.819277108433735
2019-06-18,0.0
2019-06-19,2.638522427440633
2019-06-20,6.0606060606060606
2019-06-21,10.695187165775401
2019-06-22,0.0
2019-06-23,19.51219512195122
2019-06-24,12.158054711246201
2019-06-25,0.0
2019-06-26,5.47945205479452
2019-06-27,2.7247956403269753
2019-06-28,3.0120481927710845
2019-06-29,9.852216748768473
2019-06-30,0.0
2019-07-01,7.915567282321899
2019-07-02,2.9069767441860463
2019-07-03,11.0803324099723
2019-07-04,6.802721088435374
2019-07-05,3.4965034965034967
2019-07-06,0.0
2019-07-07,0.0
2019-07-08,0.0
2019-07-09,3.115264797507788
2019-07-10,4.008016032064128
2019-07-11,0.0
2019-07-12,2.9673590504451037
2019-07-13,0.0
2019-07-14,4.587155963302752
2019-07-15,10.309278350515465
2019-07-16,20.634920634920636
2019-07-17,4.975124378109452
2019-07-18,9.523809523809524
2019-07-19,9.689922480620154
2019-07-20,0.0
2019-07-21,0.0
2019-07-22,0.0
2019-07-23,2.4390243902439024
2019-07-24,14.957264957264957
2019-07-25,0.0
2019-07-26,2.7027027027027026
2019-07-27,4.8076923076923075
2019-07-28,9.803921568627452
2019-07-29,45.57640750670241
2019-07-30,53.67231638418079
2019-07-31,29.9625468164794
2019-08-01,20.833333333333332
2019-08-02,26.699029126213592
2019-08-03,24.84472049689441
2019-08-04,0.0
2019-08-05,0.0
2019-08-06,0.0
2019-08-07,0.0
2019-08-08,7.168458781362007
2019-08-09,0.0
2019-08-10,0.0
2019-08-11,10.638297872340425
2019-08-12,0.0
2019-08-13,0.0
2019-08-14,0.0
2019-08-15,2.793296089385475
2019-08-16,12.474012474012474
2019-08-17,0.0
2019-08-18,14.869888475836431
2019-08-19,4.405286343612334
2019-08-20,2.044989775051125
2019-08-21,6.134969325153374
2019-08-22,6.578947368421052
2019-08-23,2.4271844660194173
2019-08-24,4.201680672268908
2019-08-25,15.306122448979592
2019-08-26,0.0
2019-08-27,35.01945525291829
2019-08-28,14.749262536873156
2019-08-29,12.048192771084338
2019-08-30,0.0
2019-08-31,0.0
2019-09-01,0.0
2019-09-02,3.236245954692557
2019-09-03,0.0
2019-09-04,0.0
2019-09-05,0.0
2019-09-06,0.0
2019-09-07,0.0
2019-09-08,0.0
2019-09-09,0.0
2019-09-10,0.0
2019-09-11,3.7313432835820897
2019-09-12,1.7301038062283738
2019-09-13,8.498583569405099
2019-09-14,0.0
2019-09-15,25.641025641025642
2019-09-16,6.960556844547564
2019-09-17,5.524861878453039
2019-09-18,3.189792663476874
2019-09-19,5.253940455341506
2019-09-20,6.302521008403361
2019-09-21,0.0
2019-09-22,0.0
2019-09-23,4.11522633744856
2019-09-24,2.262443438914027
2019-09-25,0.0
2019-09-26,0.0
2019-09-27,1.9157088122605364
2019-09-28,0.0
2019-09-29,8.810572687224669
2019-09-30,2.6041666666666665
2019-10-01,3.284072249589491
2019-10-02,5.58659217877095
2019-10-03,0.0
2019-10-04,2.932551319648094
2019-10-05,0.0
2019-10-06,0.0
2019-10-07,0.0
2019-10-08,3.0303030303030303
2019-10-09,0.0
2019-10-10,4.524886877828054
2019-10-11,6.389776357827476
2019-10-12,0.0
2019-10-13,0.0
2019-10-14,0.0
2019-10-15,0.0
2019-10-16,7.858546168958743
2019-10-17,3.067484662576687
2019-10-18,0.0
2019-10-19,4.237288135593221
2019-10-20,0.0
2019-10-21,2.4271844660194173
2019-10-22,0.0
2019-10-23,0.0
2019-10-24,7.194244604316546
2019-10-25,13.544018058690744
2019-10-26,9.174311926605505
2019-10-27,0.0
2019-10-28,0.0
2019-10-29,7.653061224489796
2019-10-30,2.1141649048625792
2019-10-31,2.4213075060532687
2019-11-01,3.3333333333333335
2019-11-02,11.494252873563218
2019-11-03,0.0
2019-11-04,3.0120481927710845
2019-11-05,9.925558312655086
2019-11-06,0.0
2019-11-07,2.288329519450801
2019-11-08,0.0
2019-11-09,0.0
2019-11-10,0.0
2019-11-11,8.849557522123893
2019-11-12,0.0
2019-11-13,0.0
2019-11-14,0.0
2019-11-15,6.369426751592357
2019-11-16,0.0
2019-11-17,0.0
2019-11-18,9.25925925925926
2019-11-19,3.2679738562091503
2019-11-20,10.526315789473685
2019-11-21,2.5974025974025974
2019-11-22,0.0
2019-11-23,3.3783783783783785
2019-11-24,7.905138339920948
2019-11-25,0.0
2019-11-26,2.2573363431151243
2019-11-27,0.0
2019-11-28,0.0
2019-11-29,6.514657980456026
2019-11-30,0.0
2019-12-01,8.928571428571429
2019-12-02,0.0
2019-12-03,10.638297872340425
2019-12-04,0.0
2019-12-05,0.0
2019-12-06,0.0
2019-12-07,0.0
2019-12-08,0.0
2019-12-09,0.0
2019-12-10,16.483516483516482
2019-12-11,28.225806451612904
2019-12-12,15.544041450777202
2019-12-13,8.695652173913043
2019-12-14,8.19672131147541
2019-12-15,0.0
2019-12-16,10.1010101010101
2019-12-17,0.0
2019-12-18,6.097560975609756
2019-12-19,0.0
2019-12-20,11.583011583011583
2019-12-21,0.0
2019-12-22,7.662835249042145
2019-12-23,15.267175572519085
2019-12-24,12.0
2019-12-25,0.0
2019-12-26,0.0
2019-12-27,0.0
2019-12-28,5.434782608695652
2019-12-29,0.0
2019-12-30,3.0303030303030303
2019-12-31,0.0
2020-01-01,10.0
2020-01-02,11.74934725848564
2020-01-03,9.22509225092251
2020-01-04,0.0
2020-01-05,4.761904761904762
2020-01-06,8.8339222614841
2020-01-07,0.0
2020-01-08,0.0
2020-01-09,1.6666666666666667
2020-01-10,0.0
2020-01-11,3.8314176245210727
2020-01-12,5.891016200294551
2020-01-13,3.02571860816944
2020-01-14,3.4129692832764507
2020-01-15,12.755102040816327
2020-01-16,23.762376237623762
2020-01-17,14.563106796116505
2020-01-18,4.484304932735426
2020-01-19,0.0
2020-01-20,3.225806451612903
2020-01-21,5.361930294906166
2020-01-22,3.861003861003861
2020-01-23,7.352941176470588
2020-01-24,0.0
2020-01-25,4.62962962962963
2020-01-26,0.0
2020-01-27,0.0
2020-01-28,0.0
2020-01-29,21.47239263803681
2020-01-30,8.720930232558139
2020-01-31,0.0
2020-02-01,5.714285714285714
2020-02-02,19.047619047619047
2020-02-03,0.0
2020-02-04,0.0
2020-02-05,0.0
2020-02-06,0.0
2020-02-07,0.0
2020-02-08,0.0
2020-02-09,4.184100418410042
2020-02-10,23.965141612200437
2020-02-11,5.813953488372093
2020-02-12,3.8314176245210727
2020-02-13,1.8281535648994516
2020-02-14,0.0
2020-02-15,0.0
2020-02-16,0.0
2020-02-17,3.0959752321981426
2020-02-18,0.0
2020-02-19,7.5566750629722925
2020-02-20,2.932551319648094
2020-02-21,0.0
2020-02-22,0.0
2020-02-23,14.285714285714286
2020-02-24,14.184397163120567
2020-02-25,0.0
2020-02-26,3.058103975535168
2020-02-27,0.0
2020-02-28,7.462686567164179
2020-02-29,20.408163265306122
2020-03-01,0.0
2020-03-02,19.047619047619047
2020-03-03,12.38390092879257
2020-03-04,7.263922518159807
2020-03-05,0.0
2020-03-06,0.0
2020-03-07,0.0
2020-03-08,20.2020202020202
2020-03-09,0.0
2020-03-10,0.0
2020-03-11,13.38432122370937
2020-03-12,0.0
2020-03-13,0.0
2020-03-14,0.0
2020-03-15,0.0
2020-03-16,0.0
2020-03-17,3.134796238244514
2020-03-18,1.8050541516245486
2020-03-19,3.780718336483932
2020-03-20,4.49438202247191
2020-03-21,4.62962962962963
2020-03-22,0.0
2020-03-23,3.9840637450199203
2020-03-24,0.0
2020-03-25,11.527377521613833
2020-03-26,26.607538802660756
2020-03-27,3.883495145631068
2020-03-28,8.064516129032258
2020-03-29,12.618296529968454
2020-03-30,2.808988764044944
2020-03-31,11.049723756906078
2020-04-01,5.9880239520958085
2020-04-02,2.05761316872428
2020-04-03,2.0
2020-04-04,4.608294930875576
2020-04-05,0.0
2020-04-06,15.686274509803921
2020-04-07,10.0
2020-04-08,7.334963325183374
2020-04-09,4.37956204379562
2020-04-10,4.716981132075472
2020-04-11,10.1010101010101
2020-04-12,3.816793893129771
2020-04-13,2.375296912114014
2020-04-14,11.135857461024498
2020-04-15,0.0
2020-04-16,13.698630136986301
2020-04-17,8.51063829787234
2020-04-18,0.0
2020-04-19,3.8314176245210727
2020-04-20,7.334963325183374
2020-04-21,9.111617312072893
2020-04-22,15.945330296127562
2020-04-23,14.880952380952381
2020-04-24,7.936507936507937
2020-04-25,7.604562737642586
2020-04-26,4.464285714285714
2020-04-27,3.215434083601286
2020-04-28,8.733624454148472
2020-04-29,17.142857142857142
2020-04-30,2.0202020202020203
2020-05-01,2.314814814814815
2020-05-02,7.092198581560283
2020-05-03,0.0
2020-05-04,5.2631578947368425
2020-05-05,11.135857461024498
2020-05-06,0.0
2020-05-07,0.0
2020-05-08,5.46448087431694
2020-05-09,7.407407407407407
2020-05-10,5.025125628140704
2020-05-11,0.0
2020-05-12,8.576329331046312
2020-05-13,11.494252873563218
2020-05-14,3.7313432835820897
2020-05-15,9.07911802853437
2020-05-16,4.77326968973747
2020-05-17,0.0
2020-05-18,1.2345679012345678
2020-05-19,5.532503457814661
2020-05-20,1.1013215859030836
2020-05-21,1.5923566878980893
2020-05-22,5.338078291814947
2020-05-23,9.67741935483871
2020-05-24,5.649717514124294
2020-05-25,2.785515320334262
2020-05-26,10.526315789473685
2020-05-27,24.875621890547265
2020-05-28,4.878048780487805
2020-05-29,2.028397565922921
2020-05-30,16.52892561983471
2020-05-31,15.957446808510639
2020-06-01,0.0
2020-06-02,5.780346820809249
2020-06-03,0.0
2020-06-04,4.545454545454546
2020-06-05,8.810572687224669
2020-06-06,10.60070671378092
2020-06-07,5.747126436781609
2020-06-08,0.0
2020-06-09,15.267175572519085
2020-06-10,10.256410256410257
2020-06-11,0.0
2020-06-12,16.241299303944317
2020-06-13,33.0188679245283
2020-06-14,4.901960784313726
2020-06-15,3.058103975535168
2020-06-16,26.01156069364162
2020-06-17,13.88888888888889
2020-06-18,15.625
2020-06-19,20.066889632107024
2020-06-20,25.31645569620253
2020-06-21,0.0
2020-06-22,9.615384615384615
2020-06-23,42.18362282878412
2020-06-24,15.184381778741866
2020-06-25,40.7673860911271
2020-06-26,5.780346820809249
2020-06-27,10.582010582010582
2020-06-28,17.02127659574468
2020-06-29,19.8300283286119
2020-06-30,7.9787234042553195
2020-07-01,21.22641509433962
2020-07-02,9.828009828009828
2020-07-03,48.0225988700565
2020-07-04,69.67213114754098
2020-07-05,37.81512605042017
2020-07-06,13.953488372093023
2020-07-07,0.0
2020-07-08,11.1731843575419
2020-07-09,8.791208791208792
2020-07-10,19.10828025477707
2020-07-11,21.978021978021978
2020-07-12,22.52252252252252
2020-07-13,39.473684210526315
2020-07-14,15.789473684210526
2020-07-15,24.8868778280543
2020-07-16,77.55102040816327
2020-07-17,10.95890410958904
2020-07-18,28.11244979919679
2020-07-19,4.8076923076923075
2020-07-20,33.898305084745765
2020-07-21,7.371007371007371
2020-07-22,34.3980343980344
2020-07-23,2.8328611898016995
2020-07-24,0.0
2020-07-25,0.0
2020-07-26,14.150943396226415
2020-07-27,6.8728522336769755
2020-07-28,0.0
2020-07-29,10.869565217391305
2020-07-30,11.695906432748538
2020-07-31,2.0964360587002098
2020-08-01,6.134969325153374
2020-08-02,0.0
2020-08-03,10.169491525423728
2020-08-04,2.577319587628866
2020-08-05,1.2936610608020698
2020-08-06,1.4164305949008498
2020-08-07,7.02576112412178
2020-08-08,39.8671096345515
2020-08-09,10.719754977029096
2020-08-10,12.669683257918551
2020-08-11,7.261410788381743
2020-08-12,0.0
2020-08-13,38.14262023217247
2020-08-14,42.857142857142854
2020-08-15,12.5
2020-08-16,13.605442176870747
2020-08-17,29.350104821802937
2020-08-18,0.0
2020-08-19,1.976284584980237
2020-08-20,11.661807580174926
2020-08-21,0.0
2020-08-22,3.7593984962406015
2020-08-23,8.492569002123142
2020-08-24,11.47227533460803
2020-08-25,2.1321961620469083
2020-08-26,42.34527687296417
2020-08-27,61.91369606003752
2020-08-28,15.384615384615385
2020-08-29,15.09433962264151
2020-08-30,8.565310492505354
2020-08-31,6.8212824010914055
2020-09-01,9.216589861751151
2020-09-02,10.736196319018404
2020-09-03,4.219409282700422
2020-09-04,1.9230769230769231
2020-09-05,3.802281368821293
2020-09-06,4.065040650406504
2020-09-07,9.090909090909092
2020-09-08,2.347417840375587
2020-09-09,13.015184381778742
2020-09-10,22.0
2020-09-11,12.422360248447205
2020-09-12,12.345679012345679
2020-09-13,13.392857142857142
2020-09-14,13.123359580052494
2020-09-15,13.636363636363637
2020-09-16,14.962593516209477
2020-09-17,10.672358591248665
2020-09-18,24.43133951137321
2020-09-19,45.97701149425287
2020-09-20,16.46090534979424
2020-09-21,48.81656804733728
2020-09-22,26.7022696929239
2020-09-23,13.536379018612521
2020-09-24,20.18348623853211
2020-09-25,7.352941176470588
2020-09-26,16.46090534979424
2020-09-27,16.89189189189189
2020-09-28,15.384615384615385
2020-09-29,34.883720930232556
2020-09-30,18.04123711340206
2020-10-01,2.8328611898016995
2020-10-02,5.9347181008902075
2020-10-03,22.321428571428573
2020-10-04,7.575757575757576
2020-10-05,14.234875444839858
2020-10-06,30.581039755351682
2020-10-07,9.803921568627452
2020-10-08,20.27027027027027
2020-10-09,10.344827586206897
2020-10-10,33.333333333333336
2020-10-11,30.76923076923077
2020-10-12,35.42234332425068
2020-10-13,15.968063872255488
2020-10-14,15.037593984962406
2020-10-15,31.476997578692494
2020-10-16,17.699115044247787
2020-10-17,24.390243902439025
2020-10-18,21.978021978021978
2020-10-19,13.675213675213675
2020-10-20,22.52252252252252
2020-10-21,2.6109660574412534
2020-10-22,10.869565217391305
2020-10-23,11.869436201780415
2020-10-24,25.210084033613445
2020-10-25,7.722007722007722
2020-10-26,10.78167115902965
2020-10-27,2.7548209366391183
2020-10-28,11.560693641618498
2020-10-29,3.787878787878788
2020-10-30,4.566210045662101
2020-10-31,0.0
2020-11-01,0.0
2020-11-02,4.016064257028113
2020-11-03,12.578616352201259
2020-11-04,8.298755186721992
2020-11-05,12.422360248447205
2020-11-06,18.867924528301888
2020-11-08,20.408163265306122
2020-11-09,3.0211480362537766
2020-11-10,10.60070671378092
2020-11-11,11.976047904191617
2020-11-12,3.4129692832764507
2020-11-14,0.0
2020-11-15,0.0
2020-11-16,0.0
2020-11-17,6.514657980456026
2020-11-18,5.28169014084507
2020-11-19,5.736137667304015
2020-11-20,7.4812967581047385
2020-11-21,8.368200836820083
2020-11-22,7.936507936507937
2020-11-23,9.293680297397769
2020-11-24,15.45595054095827
2020-11-25,11.570247933884298
2020-11-26,21.85792349726776
2020-11-27,11.627906976744185
2020-11-28,0.0
2020-11-29,7.936507936507937
2020-11-30,0.0
2020-12-01,3.0120481927710845
2020-12-02,9.23076923076923
2020-12-03,3.5460992907801416
2020-12-04,30.03003003003003
2020-12-05,0.0
2020-12-06,0.0
2020-12-07,28.328611898016998
2020-12-08,3.8684719535783367
2020-12-09,0.0
2020-12-10,6.578947368421052
2020-12-11,11.299435028248588
2020-12-12,5.4945054945054945
2020-12-13,6.993006993006993
2020-12-14,11.267605633802816
2020-12-15,3.1645569620253164
2020-12-16,5.221932114882507
2020-12-17,7.444168734491315
2020-12-18,19.07356948228883
2020-12-19,20.61855670103093
2020-12-20,59.32203389830509
2020-12-21,25.35211267605634
2020-12-22,2.288329519450801
2020-12-23,0.0
2020-12-24,2.949852507374631
2020-12-25,17.621145374449338
2020-12-26,6.5359477124183005
2020-12-27,22.22222222222222
2020-12-28,3.7313432835820897
2020-12-29,0.0
2020-12-30,0.0
2020-12-31,47.61904761904762
2021-01-01,33.74233128834356
2021-01-02,8.474576271186441
2021-01-03,0.0
2021-01-04,14.705882352941176
2021-01-05,10.380622837370241
2021-01-06,3.115264797507788
2021-01-07,2.004008016032064
2021-01-08,9.31098696461825
2021-01-09,8.0
2021-01-10,5.415162454873646
2021-01-11,12.251148545176111
2021-01-12,5.524861878453039
2021-01-13,1.4836795252225519
2021-01-14,0.0
2021-01-15,0.0
2021-01-16,0.0
2021-01-17,0.0
2021-01-18,14.492753623188406
2021-01-19,18.276762402088774
2021-01-20,2.7027027027027026
2021-01-21,16.166281755196305
2021-01-22,17.094017094017094
2021-01-23,23.58490566037736
2021-01-24,59.15492957746479
2021-01-25,34.18803418803419
2021-01-26,39.50617283950617
2021-01-27,19.801980198019802
2021-01-28,16.470588235294116
2021-01-29,8.976660682226212
2021-01-30,20.066889632107024
2021-01-31,14.423076923076923
2021-02-01,39.8671096345515
2021-02-02,0.0
2021-02-03,44.982698961937714
2021-02-04,10.526315789473685
2021-02-05,17.130620985010708
2021-02-06,0.0
2021-02-07,33.11258278145695
2021-02-08,2.7027027027027026
2021-02-09,12.195121951219512
2021-02-10,20.27027027027027
2021-02-11,11.527377521613833
2021-02-12,4.329004329004329
2021-02-13,6.896551724137931
2021-02-14,12.5
2021-02-15,6.8493150684931505
2021-02-16,0.0
2021-02-17,16.556291390728475
2021-02-18,11.019283746556473
2021-02-19,70.96774193548387
2021-02-20,32.25806451612903
2021-02-21,11.278195488721805
2021-02-22,3.215434083601286
2021-02-23,0.0
2021-02-24,6.153846153846154
2021-02-25,9.933774834437086
2021-02-26,3.3333333333333335
2021-02-27,5.9523809523809526
2021-02-28,8.032128514056225
2021-03-01,0.0
2021-03-02,7.407407407407407
2021-03-03,3.0395136778115504
2021-03-04,20.151133501259444
2021-03-05,33.00330033003301
2021-03-06,8.474576271186441
2021-03-07,17.73049645390071
2021-03-08,5.2493438320209975
2021-03-09,3.058103975535168
2021-03-10,22.530329289428078
2021-03-11,4.716981132075472
2021-03-12,9.584664536741213
2021-03-13,0.0
2021-03-14,0.0
2021-03-15,5.649717514124294
2021-03-16,8.04289544235925
2021-03-17,15.801354401805868
2021-03-18,16.483516483516482
2021-03-19,12.631578947368421
2021-03-20,21.459227467811157
2021-03-21,12.931034482758621
2021-03-22,8.421052631578947
2021-03-23,9.375
2021-03-24,1.9646365422396856
2021-03-25,7.009345794392523
2021-03-26,28.436018957345972
2021-03-27,10.380622837370241
2021-03-28,19.53125
2021-03-29,4.282655246252677
2021-03-30,6.83371298405467
2021-03-31,16.096579476861166
2021-04-01,13.071895424836601
2021-04-02,6.666666666666667
2021-04-03,0.0
2021-04-04,11.976047904191617
2021-04-05,32.171581769437
2021-04-06,6.2761506276150625
2021-04-07,21.630615640599
2021-04-08,18.20940819423369
2021-04-09,20.044543429844097
2021-04-10,33.84615384615385
2021-04-11,5.390835579514825
2021-04-12,7.407407407407407
2021-04-13,16.819571865443425
2021-04-14,20.042194092827003
2021-04-15,20.050125313283207
2021-04-16,16.516516516516518
2021-04-17,29.055690072639226
2021-04-18,31.11111111111111
2021-04-19,23.102310231023104
2021-04-20,27.247956403269754
2021-04-21,47.146401985111666
2021-04-22,3.134796238244514
2021-04-23,3.6363636363636362
2021-04-24,18.072289156626507
2021-04-25,0.0
2021-04-26,13.937282229965156
2021-04-27,7.672634271099744
2021-04-28,13.392857142857142
2021-04-29,8.695652173913043
2021-04-30,3.1446540880503147
2021-05-01,7.575757575757576
2021-05-02,19.90049751243781
2021-05-03,8.830022075055188
2021-05-04,2.557544757033248
2021-05-05,13.7524557956778
2021-05-06,11.235955056179776
2021-05-07,2.331002331002331
2021-05-08,0.0
2021-05-09,0.0
2021-05-10,0.0
2021-05-11,0.0
2021-05-12,9.49367088607595
2021-05-13,3.3112582781456954
2021-05-14,21.634615384615383
2021-05-15,10.75268817204301
2021-05-16,4.975124378109452
2021-05-17,2.840909090909091
2021-05-18,3.5778175313059033
2021-05-19,9.652509652509652
2021-05-20,0.0
2021-05-21,0.0
2021-05-22,5.376344086021505
2021-05-23,0.0
2021-05-24,0.0
2021-05-25,0.0
2021-05-26,1.9230769230769231
2021-05-27,3.766478342749529
2021-05-28,4.761904761904762
2021-05-29,3.861003861003861
2021-05-30,21.12676056338028
2021-05-31,3.90625
2021-06-01,18.939393939393938
2021-06-02,14.792899408284024
2021-06-03,0.0
2021-06-04,2.197802197802198
2021-06-05,5.865102639296188
2021-06-06,4.316546762589928
2021-06-07,1.9801980198019802
2021-06-08,3.8684719535783367
2021-06-09,20.77922077922078
2021-06-10,3.6496350364963503
2021-06-11,0.0
2021-06-12,22.058823529411764
2021-06-13,19.68503937007874
2021-06-14,0.0
2021-06-15,12.88659793814433
2021-06-16,27.210884353741495
2021-06-17,14.150943396226415
2021-06-18,14.457831325301205
2021-06-19,0.0
2021-06-20,6.024096385542169
2021-06-21,9.036144578313253
2021-06-22,5.9523809523809526
2021-06-23,0.0
2021-06-24,11.185682326621924
2021-06-25,13.089005235602095
2021-06-26,19.801980198019802
2021-06-27,0.0
2021-06-28,4.424778761061947
2021-06-29,18.808777429467085
2021-06-30,13.368983957219251
2021-07-01,2.1231422505307855
2021-07-02,3.1645569620253164
2021-07-03,0.0
2021-07-04,12.422360248447205
2021-07-05,0.0
2021-07-06,6.779661016949152
2021-07-07,4.47427293064877
2021-07-08,0.0
2021-07-09,2.544529262086514
2021-07-10,3.6231884057971016
2021-07-11,0.0
2021-07-12,1.8796992481203008
2021-07-13,4.796163069544365
2021-07-14,3.1055900621118013
2021-07-15,4.672897196261682
2021-07-16,6.230529595015576
2021-07-17,18.099547511312217
2021-07-18,38.46153846153846
2021-07-19,3.816793893129771
2021-07-20,0.0
2021-07-21,0.0
2021-07-22,3.816793893129771
2021-07-23,18.099547511312217
2021-07-24,33.980582524271846
2021-07-25,36.36363636363637
2021-07-26,8.547008547008547
2021-07-27,24.73498233215548
2021-07-28,23.178807947019866
2021-07-29,5.47945205479452
2021-07-30,13.157894736842104
2021-07-31,58.8235294117647
2021-08-01,0.0
2021-08-02,4.975124378109452
2021-08-03,0.0
2021-08-04,17.316017316017316
2021-08-05,14.164305949008499
2021-08-06,9.316770186335404
2021-08-07,9.433962264150944
2021-08-08,0.0
2021-08-09,12.658227848101266
2021-08-10,0.0
2021-08-11,5.617977528089888
2021-08-12,11.527377521613833
2021-08-13,9.646302250803858
2021-08-14,0.0
2021-08-15,9.523809523809524
2021-08-16,0.0
2021-08-17,30.501089324618736
2021-08-18,56.71641791044776
2021-08-19,12.578616352201259
2021-08-20,2.949852507374631
2021-08-21,9.569377990430622
2021-08-22,0.0
2021-08-23,9.433962264150944
2021-08-24,5.865102639296188
2021-08-25,13.66120218579235
2021-08-26,9.146341463414634
2021-08-27,8.02139037433155
2021-08-28,51.724137931034484
2021-08-29,0.0
2021-08-30,10.204081632653061
2021-08-31,22.14022140221402
2021-09-01,6.578947368421052
2021-09-02,13.215859030837004
2021-09-03,0.0
2021-09-04,15.151515151515152
2021-09-05,45.04504504504504
2021-09-06,31.976744186046513
2021-09-07,9.554140127388536
2021-09-08,12.698412698412698
2021-09-09,3.7735849056603774
2021-09-10,7.2727272727272725
2021-09-11,0.0
2021-09-12,6.410256410256411
2021-09-13,60.150375939849624
2021-09-14,36.44646924829157
2021-09-15,79.67479674796748
2021-09-16,33.898305084745765
2021-09-17,50.0
2021-09-18,30.864197530864196
2021-09-19,19.23076923076923
2021-09-20,12.0
2021-09-21,18.939393939393938
2021-09-22,13.26259946949602
2021-09-23,19.130434782608695
2021-09-24,30.131826741996232
2021-09-25,21.27659574468085
2021-09-26,13.986013986013987
2021-09-27,20.37037037037037
2021-09-28,10.141987829614605
2021-09-29,7.653061224489796
2021-09-30,2.487562189054726
2021-10-01,21.52641878669276
2021-10-02,31.84713375796178
2021-10-03,43.399638336347195
2021-10-04,60.3448275862069
2021-10-05,46.908315565031984
2021-10-06,32.59983700081499
2021-10-07,35.010940919037196
2021-10-08,19.792648444863335
2021-10-09,43.78531073446328
2021-10-10,14.662756598240469
2021-10-11,31.06508875739645
2021-10-12,17.142857142857142
2021-10-13,20.73365231259968
2021-10-14,29.096477794793262
2021-10-15,24.137931034482758
2021-10-16,21.978021978021978
2021-10-17,30.65134099616858
2021-10-18,11.730205278592376
2021-10-19,14.367816091954023
2021-10-20,6.666666666666667
2021-10-21,19.083969465648856
2021-10-22,13.368983957219251
2021-10-23,11.415525114155251
2021-10-24,21.604938271604937
2021-10-25,10.582010582010582
2021-10-26,12.433392539964476
2021-10-27,4.329004329004329
2021-10-28,20.5761316872428
2021-10-29,15.220700152207002
2021-10-30,15.384615384615385
2021-10-31,19.41747572815534
2021-11-01,14.423076923076923
2021-11-02,2.5188916876574305
2021-11-03,9.681881051175656
2021-11-04,5.215123859191656
2021-11-05,9.650180940892641
2021-11-06,22.075055187637968
2021-11-07,11.857707509881424
2021-11-08,17.54385964912281
2021-11-09,9.242144177449168
2021-11-10,23.842917251051894
2021-11-11,11.544011544011545
2021-11-12,5.628517823639775
2021-11-13,2.347417840375587
2021-11-14,15.590200445434299
2021-11-15,5.671077504725898
2021-11-16,6.462035541195476
2021-11-17,6.980802792321117
2021-11-18,9.505703422053232
2021-11-19,11.090573012939002
2021-11-20,3.215434083601286
2021-11-21,3.278688524590164
2021-11-22,0.0
2021-11-23,3.7735849056603774
2021-11-24,10.884353741496598
2021-11-25,13.493253373313344
2021-11-26,8.791208791208792
2021-11-27,4.081632653061225
2021-11-28,12.526096033402922
2021-11-29,14.240506329113924
2021-11-30,7.680491551459293
2021-12-01,4.665629860031104
2021-12-02,9.00900900900901
2021-12-03,5.571030640668524
2021-12-04,6.289308176100629
2021-12-05,16.129032258064516
2021-12-06,10.75268817204301
2021-12-07,14.989293361884368
2021-12-08,12.024048096192384
2021-12-09,12.121212121212121
2021-12-10,5.908419497784343
2021-12-11,4.854368932038835
2021-12-12,0.0
2021-12-13,49.36014625228519
2021-12-14,11.627906976744185
2021-12-15,4.219409282700422
2021-12-16,4.25531914893617
2021-12-17,2.5
2021-12-18,13.651877133105803
2021-12-19,0.0
2021-12-20,16.574585635359117
2021-12-21,9.375
2021-12-22,4.464285714285714
2021-12-23,8.450704225352112
2021-12-24,25.641025641025642
2021-12-25,34.72222222222222
2021-12-26,0.0
2021-12-27,3.6496350364963503
2021-12-28,35.91160220994475
2021-12-29,13.58695652173913
2021-12-30,39.5010395010395
2021-12-31,4.464285714285714
2022-01-01,3.5714285714285716
2022-01-02,4.11522633744856
2022-01-03,10.273972602739725
2022-01-04,13.071895424836601
2022-01-05,28.653295128939828
2022-01-06,29.953917050691246
2022-01-07,41.78272980501393
2022-01-08,15.228426395939087
2022-01-09,4.878048780487805
2022-01-10,3.7037037037037037
2022-01-11,4.0241448692152915
2022-01-12,14.705882352941176
2022-01-13,0.0
2022-01-14,9.23076923076923
2022-01-15,6.622516556291391
2022-01-16,0.0
2022-01-17,3.9215686274509802
2022-01-18,6.779661016949152
2022-01-19,4.914004914004914
2022-01-20,4.651162790697675
2022-01-21,12.953367875647668
2022-01-22,14.545454545454545
2022-01-23,19.047619047619047
2022-01-24,30.075187969924812
2022-01-25,8.0
2022-01-26,38.69047619047619
2022-01-27,11.952191235059761
2022-01-28,4.651162790697675
2022-01-29,9.584664536741213
2022-01-30,6.896551724137931
2022-01-31,9.433962264150944
2022-02-01,24.91103202846975
2022-02-02,16.44736842105263
2022-02-03,0.0
2022-02-04,7.518796992481203
2022-02-05,30.864197530864196
2022-02-06,20.94240837696335
2022-02-07,8.771929824561404
2022-02-08,16.096579476861166
2022-02-09,9.940357852882704
2022-02-10,2.9411764705882355
2022-02-11,12.711864406779661
2022-02-12,4.366812227074236
2022-02-13,8.368200836820083
2022-02-14,3.3112582781456954
2022-02-15,6.191950464396285
2022-02-16,23.25581395348837
2022-02-17,2.7027027027027026
2022-02-18,0.0
2022-02-19,12.269938650306749
2022-02-20,12.658227848101266
2022-02-21,5.415162454873646
2022-02-22,5.524861878453039
2022-02-23,32.407407407407405
2022-02-24,30.36053130929791
2022-02-25,20.408163265306122
2022-02-26,20.527859237536656
2022-02-27,15.267175572519085
2022-02-28,7.532956685499058
2022-03-01,7.72626931567329
2022-03-02,12.971698113207546
2022-03-03,5.1020408163265305
2022-03-04,19.08957415565345
2022-03-05,16.52892561983471
2022-03-06,14.164305949008499
2022-03-07,7.915567282321899
2022-03-08,6.960556844547564
2022-03-09,26.246719160104988
2022-03-10,15.189873417721518
2022-03-11,19.54397394136808
2022-03-12,17.75147928994083
2022-03-13,14.814814814814815
2022-03-14,35.294117647058826
2022-03-15,14.367816091954023
2022-03-16,7.915567282321899
2022-03-17,6.802721088435374
2022-03-18,4.9504950495049505
2022-03-19,15.706806282722512
2022-03-20,4.830917874396135
2022-03-21,14.45086705202312
2022-03-22,10.94890510948905
2022-03-23,6.329113924050633
2022-03-24,3.1545741324921135
2022-03-25,6.309148264984227
2022-03-26,0.0
2022-03-27,15.463917525773196
2022-03-28,11.811023622047244
2022-03-29,9.615384615384615
2022-03-30,4.065040650406504
2022-03-31,2.493765586034913
2022-04-01,6.7114093959731544
2022-04-02,0.0
2022-04-03,17.045454545454547
2022-04-04,5.291005291005291
2022-04-05,0.0
2022-04-06,9.090909090909092
2022-04-07,2.044989775051125
2022-04-08,0.0
2022-04-09,4.672897196261682
2022-04-10,21.390374331550802
2022-04-11,7.8431372549019605
2022-04-12,10.723860589812332
2022-04-13,5.9347181008902075
2022-04-14,10.73345259391771
2022-04-15,16.286644951140065
2022-04-16,25.568181818181817
2022-04-17,17.094017094017094
2022-04-18,17.6678445229682
2022-04-19,6.7114093959731544
2022-04-20,8.849557522123893
2022-04-21,17.77777777777778
2022-04-22,9.46372239747634
2022-04-23,0.0
2022-04-24,6.4935064935064934
2022-04-25,0.0
2022-04-26,12.987012987012987
2022-04-27,42.16867469879518
2022-04-28,15.037593984962406
2022-04-29,0.0
2022-04-30,0.0
2022-05-01,24.03846153846154
2022-05-02,39.682539682539684
2022-05-03,41.82509505703422
2022-05-04,0.0
2022-05-05,0.0
2022-05-06,26.936026936026938
2022-05-07,7.462686567164179
2022-05-08,6.7114093959731544
2022-05-09,34.3980343980344
2022-05-10,22.1606648199446
2022-05-11,22.670025188916878
2022-05-12,14.084507042253522
2022-05-13,7.8431372549019605
2022-05-14,16.666666666666668
2022-05-15,13.793103448275861
2022-05-16,10.204081632653061
2022-05-17,5.405405405405405
2022-05-18,1.7667844522968197
2022-05-19,1.949317738791423
2022-05-20,2.557544757033248
2022-05-21,14.598540145985401
2022-05-22,0.0
2022-05-23,10.227272727272727
2022-05-24,11.351909184726523
2022-05-25,22.80130293159609
2022-05-26,25.096525096525095
2022-05-27,0.0
2022-05-28,0.0
2022-05-29,4.291845493562231
2022-05-30,17.54385964912281
2022-05-31,19.161676646706585
2022-06-01,19.607843137254903
2022-06-02,21.638330757341578
2022-06-03,11.415525114155251
2022-06-04,12.461059190031152
2022-06-05,21.27659574468085
2022-06-06,6.0606060606060606
2022-06-07,0.0
2022-06-08,2.5906735751295336
2022-06-09,10.204081632653061
2022-06-10,23.856858846918488
2022-06-11,5.681818181818182
2022-06-12,2.5316455696202533
2022-06-13,16.666666666666668
2022-06-14,8.0
2022-06-15,0.0
2022-06-16,31.152647975077883
2022-06-17,24.12280701754386
2022-06-18,4.739336492890995
2022-06-19,19.53125
2022-06-20,12.048192771084338
2022-06-21,17.647058823529413
2022-06-22,13.972055888223553
2022-06-23,24.242424242424242
2022-06-24,8.571428571428571
2022-06-25,14.184397163120567
2022-06-26,0.0
2022-06-27,14.440433212996389
2022-06-28,10.95890410958904
2022-06-29,0.0
2022-06-30,6.968641114982578
2022-07-01,4.081632653061225
2022-07-02,6.622516556291391
2022-07-03,0.0
2022-07-04,9.615384615384615
2022-07-05,17.482517482517483
2022-07-06,16.33986928104575
2022-07-07,0.0
2022-07-08,26.833631484794275
2022-07-09,12.779552715654953
2022-07-10,21.05263157894737
2022-07-11,2.577319587628866
2022-07-12,2.6246719160104988
2022-07-13,5.571030640668524
2022-07-14,0.0
2022-07-15,3.4482758620689653
2022-07-16,5.58659217877095
2022-07-17,13.422818791946309
2022-07-18,0.0
2022-07-19,5.891016200294551
2022-07-20,11.11111111111111
2022-07-21,10.909090909090908
2022-07-22,2.4213075060532687
2022-07-23,9.090909090909092
2022-07-24,34.883720930232556
2022-07-25,25.91792656587473
2022-07-26,43.895747599451305
2022-07-27,35.23693803159174
2022-07-28,11.571841851494696
2022-07-29,12.795275590551181
2022-07-30,42.384105960264904
2022-07-31,25.71041948579161
2022-08-01,18.61832435080843
2022-08-02,23.366714353838816
2022-08-03,24.56140350877193
2022-08-04,47.22149752152361
2022-08-05,33.52522858110396
2022-08-06,49.30847865303668
2022-08-07,62.082777036048064
2022-08-08,54.75504322766571
2022-08-09,68.23184152604549
2022-08-10,51.13636363636363
2022-08-11,49.71475142624287
2022-08-12,44.53870625662778
2022-08-13,32.608695652173914
2022-08-14,29.115341545352745
2022-08-15,38.03950256035113
2022-08-16,51.04408352668214
2022-08-17,47.767393561786086
2022-08-18,42.57528556593977
2022-08-19,33.838973162193696
2022-08-20,50.63291139240506
2022-08-21,16.786570743405274
2022-08-22,9.19305413687436
2022-08-23,17.17305151915456
2022-08-24,21.22641509433962
2022-08-25,44.28044280442804
2022-08-26,25.83732057416268
2022-08-27,16.203703703703702
2022-08-28,41.666666666666664
2022-08-29,31.862745098039216
2022-08-30,25.157232704402517
2022-08-31,30.139935414424112
2022-09-01,29.87012987012987
2022-09-02,39.91596638655462
2022-09-03,25.31645569620253
2022-09-04,31.16883116883117
2022-09-05,49.09560723514212
2022-09-06,15.748031496062993
2022-09-07,24.390243902439025
2022-09-08,6.944444444444445
2022-09-09,48.95104895104895
2022-09-10,22.52252252252252
2022-09-11,27.77777777777778
2022-09-12,32.83582089552239
2022-09-13,15.414258188824663
2022-09-14,10.309278350515465
2022-09-15,4.354136429608127
2022-09-16,22.847100175746924
2022-09-17,9.389671361502348
2022-09-18,12.195121951219512
2022-09-19,26.18657937806874
2022-09-20,14.539579967689821
2022-09-21,8.80281690140845
2022-09-22,25.423728813559322
2022-09-23,11.904761904761905
2022-09-24,8.23045267489712
2022-09-25,3.257328990228013
2022-09-26,0.0
2022-09-27,18.867924528301888
2022-09-28,20.072992700729927
2022-09-29,6.666666666666667
2022-09-30,9.501187648456057
2022-10-01,27.649769585253456
2022-10-02,17.937219730941703
2022-10-03,37.267080745341616
2022-10-04,17.24137931034483
2022-10-05,11.086474501108647
2022-10-06,17.817371937639198
2022-10-07,12.307692307692308
2022-10-08,13.986013986013987
2022-10-09,4.016064257028113
2022-10-10,23.931623931623932
2022-10-11,15.730337078651685
2022-10-12,32.544378698224854
2022-10-13,16.304347826086957
2022-10-14,0.0
2022-10-15,0.0
2022-10-16,34.33476394849785
2022-10-17,5.681818181818182
2022-10-18,16.470588235294116
2022-10-19,25.641025641025642
2022-10-20,13.605442176870747
2022-10-21,8.98876404494382
2022-10-22,0.0
2022-10-23,0.0
2022-10-24,8.79765395894428
2022-10-25,13.88888888888889
2022-10-26,10.695187165775401
2022-10-27,3.1847133757961785
2022-10-28,4.662004662004662
2022-10-29,0.0
2022-10-30,15.789473684210526
2022-10-31,14.598540145985401
2022-11-01,12.658227848101266
2022-11-02,25.88235294117647
2022-11-03,16.853932584269664
2022-11-04,0.0
2022-11-05,20.2020202020202
2022-11-06,17.54385964912281
2022-11-07,4.716981132075472
2022-11-08,8.602150537634408
2022-11-09,40.50632911392405
2022-11-11,27.027027027027028
2022-11-12,22.988505747126435
2022-11-13,39.37007874015748
2022-11-14,10.291595197255575
2022-11-15,13.31360946745562
2022-11-16,0.0
2022-11-17,10.075566750629722
2022-11-18,5.730659025787966
2022-11-19,11.029411764705882
2022-11-20,8.032128514056225
2022-11-21,6.191950464396285
2022-11-22,20.833333333333332
2022-11-23,3.1645569620253164
2022-11-24,4.11522633744856
2022-11-25,3.663003663003663
2022-11-26,9.868421052631579
2022-11-27,0.0
2022-11-28,0.0
2022-11-29,8.547008547008547
2022-11-30,11.204481792717086
2022-12-01,8.595988538681949
2022-12-02,2.857142857142857
2022-12-03,10.638297872340425
2022-12-04,0.0
2022-12-05,0.0
2022-12-06,0.0
2022-12-07,2.544529262086514
2022-12-08,20.2020202020202
2022-12-09,8.333333333333334
2022-12-10,0.0
2022-12-11,12.396694214876034
2022-12-12,0.0
2022-12-13,10.38961038961039
2022-12-14,3.861003861003861
2022-12-15,3.5587188612099645
2022-12-16,12.158054711246201
2022-12-17,0.0
2022-12-18,0.0
2022-12-19,10.526315789473685
2022-12-20,10.989010989010989
2022-12-21,36.144578313253014
2022-12-22,13.392857142857142
2022-12-23,22.624434389140273
2022-12-24,19.736842105263158
2022-12-25,21.83406113537118
2022-12-26,83.10991957104558
2022-12-27,42.46284501061571
2022-12-28,13.477088948787062
2022-12-29,17.97752808988764
2022-12-30,21.671826625387
2022-12-31,30.075187969924812
2023-01-01,18.75
2023-01-02,0.0
2023-01-03,8.264462809917354
2023-01-04,9.174311926605505
2023-01-05,4.716981132075472
2023-01-06,28.24858757062147
2023-01-07,40.46242774566474
2023-01-08,19.801980198019802
2023-01-09,69.0978886756238
2023-01-10,38.65979381443299
2023-01-11,31.976744186046513
2023-01-12,18.867924528301888
2023-01-13,18.939393939393938
2023-01-14,15.625
2023-01-15,21.27659574468085
2023-01-16,26.905829596412556
2023-01-17,12.269938650306749
2023-01-18,11.331444759206798
2023-01-19,23.46041055718475
2023-01-20,21.73913043478261
2023-01-21,26.923076923076923
2023-01-22,7.194244604316546
2023-01-23,11.71875
2023-01-24,15.67398119122257
2023-01-25,49.24242424242424
2023-01-26,4.329004329004329
2023-01-27,6.024096385542169
2023-01-28,26.200873362445414
2023-01-29,8.333333333333334
2023-01-30,25.700934579439252
2023-01-31,8.791208791208792
2023-02-01,37.44493392070485
2023-02-02,25.411061285500747
2023-02-03,25.830258302583026
2023-02-04,14.285714285714286
2023-02-05,17.75147928994083
2023-02-06,20.460358056265985
2023-02-07,29.891304347826086
2023-02-08,19.8300283286119
2023-02-09,17.73049645390071
2023-02-10,14.880952380952381
2023-02-11,5.747126436781609
2023-02-12,0.0
2023-02-13,35.85657370517928
2023-02-14,6.172839506172839
2023-02-15,10.416666666666666
2023-02-16,6.369426751592357
2023-02-17,13.986013986013987
2023-02-18,8.281573498964804
2023-02-19,10.81081081081081
2023-02-20,19.753086419753085
2023-02-21,37.2093023255814
2023-02-22,9.70873786407767
2023-02-23,36.111111111111114
2023-02-24,36.11738148984199
2023-02-25,12.422360248447205
2023-02-26,32.520325203252035
2023-02-27,46.647230320699705
2023-02-28,20.66115702479339
2023-03-01,24.390243902439025
2023-03-02,29.978586723768736
2023-03-03,19.553072625698324
2023-03-04,11.627906976744185
2023-03-05,11.1731843575419
2023-03-06,29.360967184801382
2023-03-07,24.56140350877193
2023-03-08,15.873015873015873
2023-03-09,21.978021978021978
2023-03-10,18.29268292682927
2023-03-11,9.803921568627452
2023-03-12,21.390374331550802
2023-03-13,17.49271137026239
2023-03-14,5.58659217877095
2023-03-15,12.534818941504179
2023-03-16,4.3478260869565215
2023-03-17,6.329113924050633
2023-03-18,6.349206349206349
2023-03-19,10.830324909747292
2023-03-20,7.194244604316546
2023-03-21,11.824324324324325
2023-03-22,5.633802816901408
2023-03-24,24.305555555555557
2023-03-25,11.164274322169058
2023-03-26,19.832985386221296
2023-03-27,6.0652009097801365
2023-03-28,0.9624639076034649
2023-03-29,8.388256440982625
2023-03-30,8.452192287374539
2023-03-31,7.713884992987377
2023-04-01,8.344923504867872
2023-04-02,12.698412698412698
2023-04-03,11.0803324099723
2023-04-04,14.664804469273744
2023-04-05,15.469233413544174
2023-04-06,13.189448441247002
2023-04-07,19.15367483296214
2023-04-08,44.434264773247826
2023-04-09,58.287795992714024
2023-04-10,59.61310698776155
2023-04-11,61.21424987456096
2023-04-12,43.550165380374864
2023-04-13,35.3356890459364
2023-04-14,31.135531135531135
2023-04-15,27.104136947218258
2023-04-16,58.309037900874635
2023-04-17,37.690457097032876
2023-04-18,35.79418344519016
2023-04-19,36.458333333333336
2023-04-20,14.473684210526315
2023-04-21,19.867549668874172
2023-04-22,23.25581395348837
2023-04-23,25.974025974025974
2023-04-24,12.658227848101266
2023-04-25,13.765978367748279
2023-04-26,32.57328990228013
2023-04-27,22.530329289428078
2023-04-28,50.17921146953405
2023-04-29,26.515151515151516
2023-04-30,36.93181818181818
2023-05-01,23.154848046309695
2023-05-02,29.75206611570248
2023-05-03,28.862478777589136
2023-05-04,22.617124394184167
2023-05-05,20.967741935483872
2023-05-06,13.368983957219251
2023-05-07,6.779661016949152
2023-05-08,7.547169811320755
2023-05-09,6.587615283267457
2023-05-10,19.011406844106464
2023-05-11,12.38390092879257
2023-05-12,10.416666666666666
2023-05-13,13.812154696132596
2023-05-14,6.734006734006734
2023-05-15,12.371134020618557
2023-05-16,13.975155279503106
2023-05-17,18.640350877192983
2023-05-18,18.105849582172702
2023-05-19,6.430868167202572
2023-05-20,21.406727828746178
2023-05-21,11.142061281337048
2023-05-22,21.428571428571427
2023-05-23,19.41747572815534
2023-05-24,4.08997955010225
2023-05-25,4.739336492890995
2023-05-26,7.352941176470588
2023-05-27,17.94871794871795
2023-05-28,14.084507042253522
2023-05-29,22.29299363057325
2023-05-30,3.6231884057971016
2023-05-31,9.195402298850574
2023-06-01,6.7294751009421265
2023-06-02,5.617977528089888
2023-06-03,19.38610662358643
2023-06-04,21.551724137931036
2023-06-05,11.299435028248588
2023-06-06,25.49019607843137
2023-06-07,11.764705882352942
2023-06-08,32.142857142857146
2023-06-09,3.6968576709796674
2023-06-10,11.1731843575419
2023-06-11,36.94581280788177
2023-06-12,20.120724346076457
2023-06-13,12.631578947368421
2023-06-14,8.143322475570033
2023-06-15,5.882352941176471
2023-06-16,5.545286506469501
2023-06-17,4.987531172069826
2023-06-18,11.25703564727955
2023-06-19,2.3501762632197414
2023-06-20,13.71571072319202
2023-06-21,21.961932650073205
2023-06-22,9.328358208955224
2023-06-23,20.2020202020202
2023-06-24,35.13513513513514
2023-06-25,25.53191489361702
2023-06-26,13.513513513513514
2023-06-27,13.66742596810934
2023-06-28,8.130081300813009
2023-06-29,10.060362173038229
2023-06-30,23.090586145648313
2023-07-01,0.0
2023-07-02,5.747126436781609
2023-07-03,7.109004739336493
2023-07-04,12.121212121212121
2023-07-05,4.3478260869565215
2023-07-06,28.328611898016998
2023-07-07,17.587939698492463
2023-07-08,36.92307692307692
2023-07-09,11.904761904761905
2023-07-10,9.06344410876133
2023-07-11,25.40415704387991
2023-07-12,13.015184381778742
2023-07-13,18.867924528301888
2023-07-14,16.75041876046901
2023-07-15,7.49063670411985
2023-07-16,11.235955056179776
2023-07-17,6.289308176100629
2023-07-18,4.552352048558422
2023-07-19,0.0
2023-07-20,20.344287949921753
2023-07-21,17.391304347826086
2023-07-22,55.72755417956656
2023-07-23,32.640949554896146
2023-07-24,84.53237410071942
2023-07-25,32.6530612244898
2023-07-26,41.04477611940298
2023-07-27,23.65930599369085
2023-07-28,31.007751937984494
2023-07-29,31.31115459882583
2023-07-30,23.076923076923077
2023-07-31,10.899182561307901
2023-08-01,22.633744855967077
2023-08-02,9.30232558139535
2023-08-03,30.303030303030305
2023-08-04,15.945330296127562
2023-08-05,6.451612903225806
2023-08-06,40.16064257028113
2023-08-07,8.522727272727273
2023-08-08,10.940919037199125
2023-08-09,6.5359477124183005
2023-08-10,29.77667493796526
2023-08-11,33.68421052631579
2023-08-12,33.5195530726257
2023-08-13,9.358288770053475
2023-08-14,18.75
2023-08-15,19.81981981981982
2023-08-16,4.555808656036446
2023-08-17,9.157509157509157
2023-08-18,19.867549668874172
2023-08-19,41.52637485970819
2023-08-20,36.67481662591687
2023-08-21,44.33497536945813
2023-08-22,11.516314779270633
2023-08-23,10.719754977029096
2023-08-24,7.312614259597806
2023-08-25,12.684989429175475
2023-08-26,33.63914373088685
2023-08-27,0.0
2023-08-28,17.582417582417584
2023-08-29,4.132231404958677
2023-08-30,6.451612903225806
2023-08-31,2.6881720430107525
2023-09-01,9.036144578313253
2023-09-02,16.990291262135923
2023-09-03,27.932960893854748
2023-09-04,26.548672566371682
2023-09-05,1.9011406844106464
2023-09-06,8.583690987124463
2023-09-07,2.207505518763797
2023-09-08,12.820512820512821
2023-09-09,8.264462809917354
2023-09-10,0.0
2023-09-11,16.431924882629108
2023-09-12,19.880715705765407
2023-09-13,19.430051813471504
2023-09-14,17.71479185119575
2023-09-15,14.302741358760429
2023-09-16,18.779342723004696
2023-09-17,14.77832512315271
2023-09-18,38.68698710433763
2023-09-19,13.846153846153847
2023-09-20,7.259528130671506
2023-09-21,14.61038961038961
2023-09-22,26.96629213483146
2023-09-23,16.44736842105263
2023-09-24,21.62162162162162
2023-09-25,25.380710659898476
2023-09-26,6.550218340611353
2023-09-27,32.11009174311926
2023-09-28,17.467248908296945
2023-09-29,3.361344537815126
2023-09-30,26.595744680851062
2023-10-01,0.0
2023-10-02,6.289308176100629
2023-10-03,10.330578512396695
2023-10-04,31.428571428571427
2023-10-05,11.961722488038278
2023-10-06,16.791044776119403
2023-10-07,10.526315789473685
2023-10-08,9.049773755656108
2023-10-09,9.280742459396752
2023-10-10,9.966777408637874
2023-10-11,8.403361344537815
2023-10-12,34.85838779956427
2023-10-13,17.72151898734177
2023-10-14,20.512820512820515
2023-10-15,12.76595744680851
2023-10-16,0.0
2023-10-17,12.084592145015106
2023-10-18,6.960556844547564
2023-10-19,20.0
2023-10-20,35.39823008849557
2023-10-21,13.043478260869565
2023-10-22,3.4602076124567476
2023-10-23,8.1799591002045
2023-10-24,2.237136465324385
2023-10-25,8.620689655172415
2023-10-26,11.695906432748538
2023-10-27,10.26694045174538
2023-10-28,18.633540372670808
2023-10-29,3.225806451612903
2023-10-30,15.981735159817351
2023-10-31,6.342494714587738
2023-11-01,15.695067264573991
2023-11-02,19.656019656019655
2023-11-03,7.462686567164179
2023-11-04,24.64788732394366
2023-11-05,0.0
2023-11-06,19.886363636363637
2023-11-07,6.269592476489028
2023-11-08,2.808988764044944
2023-11-09,22.813688212927758
2023-11-10,10.398613518197573
2023-11-11,0.0
2023-11-12,10.94890510948905
2023-11-13,9.569377990430622
2023-11-14,11.400651465798045
2023-11-15,1.6722408026755853
2023-11-16,0.0
2023-11-17,16.15798922800718
2023-11-18,9.237875288683602
2023-11-19,26.755852842809364
2023-11-20,15.706806282722512
2023-11-21,0.0
2023-11-22,0.0
2023-11-23,2.7027027027027026
2023-11-24,6.6815144766147
2023-11-25,0.0
2023-11-26,0.0
2023-11-27,6.410256410256411
2023-11-28,11.019283746556473
2023-11-29,2.9154518950437316
2023-11-30,20.253164556962027
2023-12-01,28.90173410404624
2023-12-02,0.0
2023-12-03,13.245033112582782
2023-12-04,0.0
2023-12-05,6.211180124223603
2023-12-06,14.117647058823529
2023-12-07,8.968609865470851
2023-12-08,20.91254752851711
2023-12-09,9.375
2023-12-10,3.90625
2023-12-11,20.512820512820515
2023-12-12,34.48275862068966
2023-12-13,7.009345794392523
2023-12-14,14.373716632443532
2023-12-15,5.405405405405405
2023-12-16,0.0
2023-12-17,10.309278350515465
2023-12-18,21.333333333333332
2023-12-19,12.690355329949238
2023-12-20,4.914004914004914
2023-12-21,6.912442396313364
2023-12-22,18.276762402088774
2023-12-23,12.875536480686696
2023-12-24,3.6231884057971016
2023-12-25,9.30232558139535
2023-12-26,10.899182561307901
2023-12-27,8.403361344537815
2023-12-28,2.6315789473684212
2023-12-29,12.903225806451612
2023-12-30,7.380073800738008
2023-12-31,2.6737967914438503
2024-01-01,0.0
2024-01-02,24.94331065759637
2024-01-03,15.527950310559007
2024-01-04,11.695906432748538
2024-01-05,24.640657084188913
2024-01-06,37.03703703703704
2024-01-07,11.527377521613833
2024-01-08,20.080321285140563
2024-01-09,28.500619578686493
2024-01-10,13.498312710911136
2024-01-11,8.350730688935283
2024-01-12,20.236087689713322
2024-01-13,3.5863717872086074
2024-01-14,18.587360594795538
2024-01-15,10.891763104152485
2024-01-16,8.27966881324747
2024-01-17,3.6719706242350063
2024-01-18,5.2356020942408374
2024-01-19,18.315018315018314
2024-01-20,25.270758122743683
2024-01-21,3.048780487804878
2024-01-22,20.100502512562816
2024-01-23,14.02805611222445
2024-01-24,7.590132827324478
2024-01-25,1.2804097311139564
2024-01-26,11.650485436893204
2024-01-27,0.0
2024-01-28,4.7281323877068555
2024-01-29,6.557377049180328
2024-01-30,21.978021978021978
2024-01-31,18.907563025210084
2024-02-01,7.7369439071566735
2024-02-02,15.424164524421593
2024-02-03,16.483516483516482
2024-02-04,0.0
2024-02-05,16.611295681063122
2024-02-06,8.955223880597014
2024-02-07,10.075566750629722
2024-02-08,12.931034482758621
2024-02-09,28.776978417266186
2024-02-10,13.201320132013201
2024-02-11,19.607843137254903
2024-02-12,12.096774193548388
2024-02-13,10.869565217391305
2024-02-14,8.680555555555555
2024-02-15,20.36659877800407
2024-02-16,5.1020408163265305
2024-02-17,23.026315789473685
2024-02-18,3.861003861003861
2024-02-19,2.247191011235955
2024-02-20,1.4577259475218658
2024-02-21,5.714285714285714
2024-02-22,8.454106280193237
2024-02-23,8.771929824561404
2024-02-24,3.7735849056603774
2024-02-25,16.06425702811245
2024-02-26,7.7369439071566735
2024-02-27,28.91566265060241
2024-02-28,12.958963282937365
2024-02-29,9.47867298578199
2024-03-01,13.071895424836601
2024-03-02,3.4129692832764507
2024-03-03,5.780346820809249
2024-03-04,0.0
2024-03-05,1.6286644951140066
2024-03-06,4.0733197556008145
2024-03-07,10.16260162601626
2024-03-08,0.0
2024-03-09,0.0
2024-03-10,8.547008547008547
2024-03-11,6.134969325153374
2024-03-12,2.1231422505307855
2024-03-13,4.716981132075472
2024-03-14,21.367521367521366
2024-03-15,9.00900900900901
2024-03-16,7.042253521126761
2024-03-17,17.02127659574468
2024-03-18,9.70873786407767
2024-03-19,7.853403141361256
2024-03-20,9.25925925925926
2024-03-21,52.63157894736842
2024-03-22,11.235955056179776
2024-03-23,6.756756756756757
2024-03-24,0.0
2024-03-25,19.390581717451525
2024-03-26,27.707808564231737
2024-03-27,32.171581769437
2024-03-28,1.8115942028985508
2024-03-29,12.089810017271157
2024-03-30,0.0
2024-03-31,13.824884792626728
2024-04-01,2.232142857142857
2024-04-02,28.077753779697623
2024-04-03,2.1459227467811157
2024-04-04,4.016064257028113
2024-04-05,1.7123287671232876
2024-04-06,5.524861878453039
2024-04-07,13.729977116704806
2024-04-08,9.980039920159681
2024-04-09,14.553014553014552
2024-04-10,4.784688995215311
2024-04-11,5.571030640668524
2024-04-12,6.134969325153374
2024-04-13,16.52892561983471
2024-04-14,0.0
2024-04-15,0.0
2024-04-16,6.0
2024-04-17,19.047619047619047
2024-04-18,2.785515320334262
2024-04-19,12.077294685990339
2024-04-20,0.0
2024-04-21,22.727272727272727
2024-04-22,7.952286282306163
2024-04-23,13.274336283185841
2024-04-24,11.221945137157107
2024-04-25,16.666666666666668
2024-04-26,1.8281535648994516
2024-04-27,29.339853300733495
2024-04-28,18.617021276595743
2024-04-29,2.34192037470726
2024-04-30,8.547008547008547
2024-05-01,11.869436201780415
2024-05-02,7.425742574257426
2024-05-03,10.695187165775401
2024-05-04,11.194029850746269
2024-05-05,0.0
2024-05-06,11.331444759206798
2024-05-07,12.787723785166241
2024-05-08,0.0
2024-05-09,4.694835680751174
2024-05-10,20.28985507246377
2024-05-11,4.329004329004329
2024-05-12,0.0
2024-05-13,3.5842293906810037
2024-05-14,11.79245283018868
2024-05-15,9.900990099009901
2024-05-16,6.644518272425249
2024-05-17,16.7427701674277
2024-05-18,28.037383177570092
2024-05-19,19.455252918287936
2024-05-20,9.578544061302683
2024-05-21,6.936416184971098
2024-05-22,2.9761904761904763
2024-05-23,74.8709122203098
2024-05-24,63.2034632034632
2024-05-25,82.93460925039872
2024-05-26,43.10344827586207
2024-05-27,48.35164835164835
2024-05-28,38.55421686746988
2024-05-29,39.11342894393742
2024-05-30,27.35042735042735
2024-05-31,24.875621890547265
2024-06-01,57.142857142857146
2024-06-02,35.634743875278396
2024-06-03,29.748283752860413
2024-06-04,23.064250411861615
2024-06-05,21.696252465483234
2024-06-06,19.50354609929078
2024-06-07,23.391812865497077
2024-06-08,18.45018450184502
2024-06-09,0.0
2024-06-10,21.428571428571427
2024-06-11,36.211699164345404
2024-06-12,10.554089709762533
2024-06-13,8.421052631578947
2024-06-14,7.772020725388601
2024-06-15,30.555555555555557
2024-06-16,46.00484261501211
2024-06-17,17.63668430335097
2024-06-18,4.587155963302752
2024-06-19,16.363636363636363
2024-06-20,13.297872340425531
2024-06-21,19.189765458422176
2024-06-22,18.050541516245488
2024-06-23,39.85507246376812
2024-06-24,19.35483870967742
2024-06-25,14.084507042253522
2024-06-26,30.516431924882628
2024-06-27,25.069637883008358
2024-06-28,7.874015748031496
2024-06-29,0.0
2024-06-30,23.58490566037736
2024-07-01,14.285714285714286
2024-07-02,17.59530791788856
2024-07-03,25.540275049115913
2024-07-04,22.727272727272727
2024-07-05,7.5566750629722925
2024-07-06,6.514657980456026
2024-07-07,10.416666666666666
2024-07-08,19.867549668874172
2024-07-09,33.033033033033036
2024-07-10,35.010940919037196
2024-07-11,48.78048780487805
2024-07-12,31.476997578692494
2024-07-13,47.05882352941177
2024-07-14,30.70175438596491
2024-07-15,16.736401673640167
2024-07-16,25.210084033613445
2024-07-17,9.554140127388536
2024-07-18,7.2202166064981945
2024-07-19,14.373716632443532
2024-07-20,31.372549019607842
2024-07-21,40.67796610169491
2024-07-22,74.1839762611276
2024-07-23,53.1496062992126
2024-07-24,40.30226700251889
2024-07-25,34.375
2024-07-26,18.315018315018314
2024-07-27,14.598540145985401
2024-07-28,31.25
2024-07-29,0.0
2024-07-30,16.701461377870565
2024-07-31,18.140589569160998
2024-08-01,15.345268542199488
2024-08-02,22.80130293159609
2024-08-03,7.142857142857143
2024-08-04,37.9746835443038
2024-08-05,30.56768558951965
2024-08-06,3.9840637450199203
2024-08-07,12.38390092879257
2024-08-08,6.514657980456026
2024-08-09,22.304832713754646
2024-08-10,31.746031746031747
2024-08-11,18.867924528301888
2024-08-12,10.695187165775401
2024-08-13,14.245014245014245
2024-08-14,17.094017094017094
2024-08-15,0.0
2024-08-16,14.760147601476016
2024-08-17,14.705882352941176
2024-08-18,36.76470588235294
2024-08-19,8.620689655172415
2024-08-20,10.554089709762533
2024-08-21,30.237580993520517
2024-08-22,13.7524557956778
2024-08-23,15.350877192982455
2024-08-24,15.24390243902439
2024-08-25,34.04255319148936
2024-08-26,27.11864406779661
2024-08-27,30.023094688221708
2024-08-28,16.75977653631285
2024-08-29,8.281573498964804
2024-08-30,9.82318271119843
2024-08-31,18.575851393188856
2024-09-01,0.0
2024-09-02,17.994858611825194
2024-09-03,12.631578947368421
2024-09-04,10.88929219600726
2024-09-05,14.440433212996389
2024-09-06,29.490616621983914
2024-09-07,17.123287671232877
2024-09-08,18.51851851851852
2024-09-09,20.887728459530027
2024-09-10,26.066350710900473
2024-09-11,17.632241813602015
2024-09-12,15.706806282722512
2024-09-13,13.856812933025404
2024-09-14,35.85657370517928
2024-09-15,58.035714285714285
2024-09-16,29.62962962962963
2024-09-17,35.230352303523034
2024-09-18,22.727272727272727
2024-09-19,10.291595197255575
2024-09-20,18.975332068311197
2024-09-21,11.952191235059761
2024-09-22,13.274336283185841
2024-09-23,34.383954154727796
2024-09-24,14.634146341463415
2024-09-25,19.37046004842615
2024-09-26,32.6797385620915
2024-09-27,25.943396226415093
2024-09-28,40.44117647058823
2024-09-29,60.24096385542169
2024-09-30,21.73913043478261
2024-10-01,36.211699164345404
2024-10-02,21.21212121212121
2024-10-03,3.0959752321981426
2024-10-04,7.751937984496124
2024-10-05,24.03846153846154
2024-10-06,10.869565217391305
2024-10-07,4.938271604938271
2024-10-08,8.676789587852495
2024-10-09,7.797270955165692
2024-10-10,18.46153846153846
2024-10-11,9.82318271119843
2024-10-12,14.869888475836431
2024-10-13,17.54385964912281
2024-10-14,68.96551724137932
2024-10-15,72.81553398058253
2024-10-16,54.46293494704992
2024-10-17,39.583333333333336
2024-10-18,16.913319238900634
2024-10-19,23.46041055718475
2024-10-20,47.945205479452056
2024-10-21,37.94642857142857
2024-10-22,68.83365200764818
2024-10-23,38.65979381443299
2024-10-24,21.447721179624665
2024-10-25,16.194331983805668
2024-10-26,8.79765395894428
2024-10-27,7.389162561576355
2024-10-28,22.038567493112946
2024-10-29,18.083182640144667
2024-10-30,19.271948608137045
2024-10-31,9.765625
2024-11-01,3.0959752321981426
2024-11-02,50.0
2024-11-03,25.236593059936908
2024-11-04,31.25
2024-11-05,15.267175572519085
2024-11-06,4.0733197556008145
2024-11-07,17.160686427457097
2024-11-08,29.017857142857142
2024-11-09,19.41747572815534
2024-11-10,16.0427807486631
2024-11-11,4.47427293064877
2024-11-12,14.112903225806452
2024-11-13,12.048192771084338
2024-11-14,20.833333333333332
2024-11-15,14.440433212996389
2024-11-16,3.0211480362537766
2024-11-17,6.8493150684931505
2024-11-18,21.141649048625794
2024-11-19,23.157894736842106
2024-11-20,10.526315789473685
2024-11-21,20.454545454545453
2024-11-22,6.944444444444445
2024-11-23,6.289308176100629
2024-11-24,13.651877133105803
2024-11-25,25.0
2024-11-26,21.551724137931036
2024-11-27,37.03703703703704
2024-11-28,25.31645569620253
2024-11-29,19.29824561403509
2024-11-30,34.67153284671533
2024-12-01,4.88599348534202
2024-12-02,10.7095046854083
2024-12-03,19.400352733686066
2024-12-04,6.0606060606060606
2024-12-05,9.91501416430595
2024-12-06,8.517887563884157
2024-12-07,5.899705014749262
2024-12-08,10.498687664041995
2024-12-09,43.89312977099237
2024-12-10,83.59133126934985
2024-12-11,82.37547892720306
2024-12-12,53.505535055350556
2024-12-13,39.900249376558605
2024-12-14,22.471910112359552
2024-12-15,25.830258302583026
2024-12-16,13.698630136986301
2024-12-17,13.824884792626728
2024-12-18,13.761467889908257
2024-12-19,8.928571428571429
2024-12-20,2.73972602739726
2024-12-21,3.5714285714285716
2024-12-22,0.0
2024-12-23,4.040404040404041
2024-12-24,7.722007722007722
2024-12-25,0.0
2024-12-26,17.582417582417584
2024-12-27,64.97175141242938
2024-12-28,0.0
2024-12-29,3.4722222222222223
2024-12-30,12.820512820512821
2024-12-31,11.142061281337048
2025-01-01,11.594202898550725
2025-01-02,22.675736961451246
2025-01-03,59.40594059405941
2025-01-04,7.2202166064981945
2025-01-05,22.831050228310502
2025-01-06,14.527845036319613
2025-01-07,8.310249307479225
2025-01-08,16.44736842105263
2025-01-09,25.77319587628866
2025-01-10,4.705882352941177
2025-01-11,23.25581395348837
2025-01-12,15.748031496062993
2025-01-13,7.518796992481203
2025-01-14,3.1847133757961785
2025-01-15,12.958963282937365
2025-01-16,14.112903225806452
2025-01-17,4.587155963302752
2025-01-18,7.407407407407407
2025-01-19,0.0
2025-01-20,0.0
2025-01-21,2.262443438914027
2025-01-22,2.4096385542168677
2025-01-23,4.016064257028113
2025-01-24,14.409221902017292
2025-01-25,0.0
2025-01-26,0.0
2025-01-27,4.048582995951417
2025-01-28,5.555555555555555
2025-01-29,8.16326530612245
2025-01-30,5.319148936170213
2025-01-31,18.01801801801802
2025-02-01,0.0
2025-02-02,0.0
2025-02-03,2.73224043715847
2025-02-04,49.66887417218543
2025-02-05,11.299435028248588
2025-02-06,13.550135501355014
2025-02-07,5.509641873278237
2025-02-08,0.0
2025-02-09,15.957446808510639
2025-02-10,5.390835579514825
2025-02-11,8.823529411764707
2025-02-12,25.252525252525253
2025-02-13,28.735632183908045
2025-02-14,23.323615160349853
2025-02-15,26.31578947368421
2025-02-16,6.230529595015576
2025-02-17,20.558002936857562
2025-02-18,20.527859237536656
2025-02-19,13.88888888888889
2025-02-20,2.4154589371980677
2025-02-21,11.990407673860911
2025-02-22,10.362694300518134
2025-02-23,50.0
2025-02-24,3.690036900369004
2025-02-25,15.384615384615385
2025-02-26,8.048289738430583
2025-02-27,28.846153846153847
2025-02-28,16.203703703703702
2025-03-01,48.67256637168141
2025-03-02,25.974025974025974
2025-03-03,11.799410029498524
2025-03-04,16.917293233082706
2025-03-05,18.907563025210084
2025-03-06,2.375296912114014
2025-03-07,18.404907975460123
2025-03-08,4.854368932038835
2025-03-09,23.474178403755868
2025-03-10,7.389162561576355
2025-03-11,41.80064308681672
2025-03-12,17.5
2025-03-13,4.784688995215311
2025-03-14,24.57002457002457
2025-03-15,20.74688796680498
2025-03-16,6.172839506172839
2025-03-17,22.55639097744361
2025-03-18,24.904214559386972
2025-03-19,45.17453798767967
2025-03-20,14.742014742014742
2025-03-21,9.560229445506693
2025-03-22,29.26829268292683
2025-03-23,0.0
2025-03-24,19.607843137254903
2025-03-25,11.876484560570072
2025-03-26,8.908685968819599
2025-03-27,4.705882352941177
2025-03-28,28.350515463917525
2025-03-29,44.19889502762431
2025-03-30,8.928571428571429
2025-03-31,2.6315789473684212
2025-04-01,81.76795580110497
2025-04-02,74.94145199063232
2025-04-03,55.749128919860624
2025-04-04,36.82170542635659
2025-04-05,29.25531914893617
2025-04-06,11.673151750972762
2025-04-07,23.300970873786408
2025-04-08,38.63636363636363
2025-04-09,28.824833702882483
2025-04-10,39.17910447761194
2025-04-11,19.693654266958426
2025-04-12,28.818443804034583
2025-04-13,43.0622009569378
2025-04-14,4.878048780487805
2025-04-15,8.02139037433155
2025-04-16,29.41176470588235
2025-04-17,9.049773755656108
2025-04-18,6.329113924050633
2025-04-19,3.937007874015748
2025-04-20,11.494252873563218
2025-04-21,8.714596949891067
2025-04-22,7.8277886497064575
2025-04-23,0.0
2025-04-24,6.4655172413793105
2025-04-25,17.699115044247787
2025-04-26,7.874015748031496
2025-04-27,7.434944237918216
2025-04-28,3.90625
2025-04-29,0.0
2025-04-30,16.431924882629108
2025-05-01,28.24858757062147
2025-05-02,15.957446808510639
2025-05-03,7.017543859649122
2025-05-04,0.0
2025-05-05,13.201320132013201
2025-05-06,11.869436201780415
2025-05-07,14.184397163120567
2025-05-08,4.651162790697675
2025-05-09,2.277904328018223
2025-05-10,5.847953216374269
2025-05-11,9.615384615384615
2025-05-12,24.76780185758514
2025-05-13,26.19047619047619
2025-05-14,2.8735632183908044
2025-05-15,16.129032258064516
2025-05-16,6.4655172413793105
2025-05-17,0.0
2025-05-18,11.07011070110701
2025-05-19,8.156606851549755
2025-05-20,25.222551928783382
2025-05-21,28.037383177570092
2025-05-22,29.748283752860413
2025-05-23,5.797101449275362
2025-05-24,41.04477611940298
2025-05-25,19.41747572815534
2025-05-26,24.84472049689441
2025-05-27,26.859504132231404
2025-05-28,32.6797385620915
2025-05-29,35.046728971962615
2025-05-30,11.396011396011396
2025-05-31,47.61904761904762
2025-06-01,46.413502109704645
2025-06-02,7.8125
2025-06-03,21.806853582554517
2025-06-04,8.287292817679559
2025-06-05,13.953488372093023
2025-06-06,5.277044854881266
2025-06-07,8.849557522123893
2025-06-08,10.92896174863388
2025-06-09,0.0
2025-06-10,13.513513513513514
2025-06-11,14.204545454545455
2025-06-12,4.914004914004914
2025-06-13,14.204545454545455
2025-07-02,33.088235294117645
2025-07-03,23.728813559322035
2025-07-04,43.731778425655975
2025-07-05,4.504504504504505
2025-07-06,28.80658436213992
2025-07-07,33.63914373088685
2025-07-08,35.39823008849557
2025-07-09,58.708414872798436
2025-07-10,67.68558951965065
2025-07-11,79.0273556231003
2025-07-12,55.319148936170215
2025-07-13,59.23344947735192
2025-07-14,34.48275862068966
2025-07-15,75.47169811320755
2025-07-16,36.8421052631579
2025-07-17,41.97530864197531
2025-07-18,27.33485193621868
2025-07-19,20.304568527918782
2025-07-20,45.45454545454545
2025-07-21,65.78947368421052
2025-07-22,8.333333333333334
2025-07-23,16.52892561983471
2025-07-24,2.9940119760479043
2025-07-25,29.41176470588235
2025-07-26,39.274924471299094
2025-07-27,26.923076923076923
2025-07-28,0.0
2025-07-29,11.135857461024498
2025-07-30,8.19672131147541
2025-07-31,12.5
2025-08-01,4.504504504504505
2025-08-02,5.882352941176471
2025-08-03,15.789473684210526
2025-08-04,4.032258064516129
2025-08-05,6.688963210702341
2025-08-06,22.88329519450801
2025-08-07,6.7114093959731544
2025-08-08,0.0
2025-08-09,4.201680672268908
2025-08-10,5.813953488372093
2025-08-11,13.201320132013201
2025-08-12,0.0
2025-08-13,0.0
2025-08-14,3.2051282051282053
2025-08-15,0.0
2025-08-16,13.574660633484163
2025-08-17,0.0
2025-08-18,0.0
2025-08-19,17.94871794871795
2025-08-20,5.305039787798409
2025-08-21,11.799410029498524
2025-08-22,14.989293361884368
2025-08-23,0.0
2025-08-24,13.468013468013469
2025-08-25,11.07011070110701
2025-08-26,24.169184290030213
2025-08-27,0.0
2025-08-28,9.66183574879227
2025-08-29,16.427104722792606
2025-08-30,6.25
2025-08-31,53.03030303030303
2025-09-01,0.0
2025-09-02,4.975124378109452
2025-09-03,7.1258907363420425
2025-09-04,12.269938650306749
2025-09-05,7.1258907363420425
2025-09-06,21.05263157894737
2025-09-07,21.58273381294964
2025-09-08,8.04289544235925
2025-09-09,9.404388714733543
2025-09-10,10.554089709762533
2025-09-11,10.06711409395973
2025-09-12,35.714285714285715
2025-09-13,13.513513513513514
2025-09-14,0.0
2025-09-15,35.294117647058826
2025-09-16,11.363636363636363
2025-09-17,16.587677725118482
2025-09-18,12.56281407035176
2025-09-19,7.590132827324478
2025-09-20,3.5587188612099645
2025-09-21,16.80672268907563
2025-09-22,2.8011204481792715
2025-09-23,8.130081300813009
2025-09-24,27.54237288135593
2025-09-25,6.4935064935064934
2025-09-26,14.457831325301205
2025-09-27,0.0
2025-09-28,14.084507042253522
2025-09-29,12.787723785166241
2025-09-30,13.927576601671309
2025-10-01,4.2283298097251585
2025-10-02,15.544041450777202
2025-10-03,11.11111111111111
2025-10-04,12.244897959183673
2025-10-05,0.0
2025-10-06,21.21212121212121
2025-10-07,10.869565217391305
2025-10-08,25.52204176334107
2025-10-09,39.21568627450981
2025-10-10,41.666666666666664
2025-10-11,12.269938650306749
2025-10-12,30.120481927710845
2025-10-13,18.248175182481752
2025-10-14,0.0
2025-10-15,36.303630363036305
2025-10-16,0.0
2025-10-17,0.0
2025-10-18,6.5359477124183005
2025-10-19,6.993006993006993
2025-10-20,21.341463414634145
2025-10-21,14.285714285714286
2025-10-22,4.4543429844097995
2025-10-23,2.9673590504451037
2025-10-24,10.582010582010582
2025-10-25,0.0
2025-10-26,14.492753623188406
2025-10-27,6.3559322033898304
2025-10-28,3.7383177570093458
2025-10-29,3.466204506065858
2025-10-30,6.106870229007634
2025-10-31,18.404907975460123
2025-11-01,12.195121951219512
2025-11-02,5.167958656330749
2025-11-03,5.063291139240507
2025-11-04,4.597701149425287
2025-11-05,7.02576112412178
2025-11-06,9.090909090909092
2025-11-07,0.0
2025-11-08,3.717472118959108
2025-11-09,5.347593582887701
2025-11-10,11.415525114155251
2025-11-11,13.297872340425531
2025-11-12,12.376237623762377
2025-11-13,8.583690987124463
2025-11-14,14.112903225806452
2025-11-15,15.479876160990711
2025-11-16,4.149377593360996
2025-11-17,6.382978723404255
2025-11-18,17.3697270471464
2025-11-19,8.676789587852495
2025-11-20,5.089058524173028
2025-11-21,5.221932114882507
2025-11-22,6.993006993006993
2025-11-23,15.706806282722512
2025-11-24,6.756756756756757
2025-11-25,7.462686567164179
2025-11-26,14.727540500736376
2025-11-27,2.5380710659898478
2025-11-28,5.4945054945054945
2025-11-29,5.0761421319796955
2025-11-30,28.985507246376812
2025-12-01,3.6363636363636362
2025-12-02,5.54016620498615
2025-12-03,12.158054711246201
2025-12-04,22.22222222222222
2025-12-05,26.128266033254157
2025-12-06,19.138755980861244
2025-12-07,0.0
2025-12-08,10.309278350515465
2025-12-09,2.8328611898016995
2025-12-10,19.169329073482427
2025-12-11,17.278617710583152
2025-12-12,0.0
2025-12-13,24.489795918367346
2025-12-14,37.634408602150536
2025-12-15,9.46372239747634
2025-12-16,0.0
2025-12-17,0.0
2025-12-18,24.427480916030536
2025-12-19,22.530329289428078
2025-12-20,14.388489208633093
2025-12-21,16.39344262295082
2025-12-22,44.73684210526316
2025-12-23,11.278195488721805
2025-12-24,8.474576271186441
2025-12-25,6.993006993006993
2025-12-26,3.4246575342465753
2025-12-27,19.083969465648856
2025-12-28,15.075376884422111
2025-12-29,104.36893203883496
2025-12-30,81.46399055489965
2025-12-31,52.013422818791945
2026-01-01,65.84362139917695
2026-01-02,35.0
2026-01-03,53.278688524590166
2026-01-04,45.774647887323944
2026-01-05,13.953488372093023
2026-01-06,33.027522935779814
2026-01-07,35.046728971962615
2026-01-08,16.181229773462782
2026-01-09,28.169014084507044
2026-01-10,28.846153846153847
2026-01-11,16.39344262295082
2026-01-12,11.029411764705882
2026-01-13,4.830917874396135
2026-01-14,0.0
2026-01-15,15.789473684210526
2026-01-16,11.389521640091116
2026-01-17,11.627906976744185
2026-01-18,17.24137931034483
2026-01-19,10.169491525423728
2026-01-20,14.367816091954023
2026-01-21,0.0
2026-01-22,14.545454545454545
2026-01-23,35.714285714285715
2026-01-24,19.011406844106464
2026-01-25,4.424778761061947
2026-01-26,19.553072625698324
2026-01-27,10.638297872340425
2026-01-28,20.151133501259444
2026-01-29,21.27659574468085
2026-01-30,26.94610778443114
2026-01-31,17.341040462427745
2026-02-01,7.6923076923076925
2026-02-02,16.233766233766232
2026-02-03,9.316770186335404
2026-02-04,8.650519031141869
2026-02-05,3.6496350364963503
2026-02-06,4.830917874396135
2026-02-07,11.538461538461538
2026-02-08,0.0
2026-02-09,2.4154589371980677
2026-02-10,12.72264631043257
2026-02-11,0.0
2026-02-12,4.962779156327543
2026-02-13,0.0
2026-02-14,19.32367149758454
2026-02-15,8.19672131147541
2026-02-16,17.391304347826086
2026-02-17,13.215859030837004
2026-02-18,13.289036544850498
2026-02-19,0.0
2026-02-20,3.802281368821293
2026-02-21,0.0
2026-02-22,32.25806451612903
2026-02-23,0.0
2026-02-24,29.673590504451038
2026-02-25,5.882352941176471
2026-02-26,4.098360655737705
2026-02-27,4.608294930875576
2026-02-28,19.704433497536947
2026-03-01,17.54385964912281
2026-03-02,0.0
2026-03-03,8.219178082191782
2026-03-04,3.3112582781456954
2026-03-05,6.042296072507553
2026-03-06,13.761467889908257
2026-03-07,0.0
2026-03-08,0.0
2026-03-09,12.244897959183673
2026-03-10,22.52252252252252
2026-03-11,10.0
2026-03-12,3.787878787878788
2026-03-13,10.989010989010989
2026-03-14,17.77777777777778
2026-03-15,44.776119402985074
2026-03-16,24.793388429752067
2026-03-17,3.1746031746031744
2026-03-18,9.77198697068404
2026-03-19,5.319148936170213
2026-03-20,3.4129692832764507
2026-03-21,4.405286343612334
2026-03-22,4.651162790697675
2026-03-23,0.0
2026-03-24,3.3557046979865772
2026-03-25,13.550135501355014
2026-03-26,5.333333333333333
2026-03-27,8.955223880597014
2026-03-28,15.0
2026-03-29,0.0
2026-03-30,1.7094017094017093
2026-03-31,36.18421052631579
2026-04-01,6.006006006006006
2026-04-02,16.89189189189189
2026-04-03,0.0
2026-04-04,0.0
2026-04-05,7.042253521126761
2026-04-06,3.8910505836575875
2026-04-07,12.578616352201259
2026-04-08,17.660044150110377
2026-04-09,14.285714285714286
2026-04-10,11.461318051575931
2026-04-11,7.8125
2026-04-12,2.857142857142857
2026-04-13,4.098360655737705
2026-04-14,10.869565217391305
2026-04-15,0.0
2026-04-16,6.097560975609756
2026-04-17,3.861003861003861
2026-04-18,7.092198581560283
2026-04-19,6.097560975609756
2026-04-20,6.430868167202572
2026-04-21,23.201856148491878
2026-04-22,5.0
2026-04-23,0.0
2026-04-24,9.316770186335404
2026-04-25,3.4722222222222223
2026-04-26,0.0
2026-04-27,2.7247956403269753
2026-04-28,3.236245954692557
2026-04-29,9.803921568627452
2026-04-30,0.0
2026-05-01,0.0
2026-05-02,11.869436201780415
2026-05-03,0.0
2026-05-04,2.237136465324385
2026-05-05,5.9171597633136095
2026-05-06,5.0761421319796955
2026-05-07,4.739336492890995
2026-05-08,2.457002457002457
2026-05-09,16.597510373443985
2026-05-10,12.269938650306749
2026-05-11,4.8
2026-05-12,12.687427912341407
2026-05-13,7.142857142857143
2026-05-14,6.3768115942028984
2026-05-15,5.628517823639775
2026-05-16,1.1111111111111112
2026-05-17,7.396449704142012
2026-05-18,18.49217638691323
2026-05-19,9.95732574679943
2026-05-20,5.30035335689046
2026-05-21,6.963788300835654
2026-05-22,3.3557046979865772
2026-05-23,22.1606648199446
2026-05-24,44.84304932735426
2026-05-25,28.481012658227847
2026-05-26,12.958963282937365
2026-05-27,8.108108108108109
2026-05-28,2.6525198938992043
2026-05-29,13.266998341625207
2026-05-30,12.531328320802006
2026-05-31,4.237288135593221
2026-06-01,16.423357664233578
2026-06-02,13.86748844375963
2026-06-03,7.092198581560283
2026-06-04,6.299212598425197
2026-06-05,7.874015748031496
2026-06-06,22.988505747126435
2026-06-07,0.0
2026-06-08,0.0
2026-06-09,0.0
2026-06-10,32.34501347708895
2026-06-11,10.152284263959391
2026-06-12,2.9239766081871346
2026-06-13,10.714285714285714
2026-06-14,19.867549668874172
2026-06-15,0.0
2026-06-16,0.0
2026-06-17,9.146341463414634
2026-06-18,30.63457330415755
2026-06-19,38.80597014925373
2026-06-20,0.0
2026-06-21,6.802721088435374
2026-06-22,16.39344262295082
2026-06-23,9.30232558139535
2026-06-24,13.333333333333334
2026-06-25,21.868787276341948
2026-06-26,15.060240963855422
2026-06-27,0.0
2026-06-28,0.0
2026-06-29,6.802721088435374
2026-06-30,0.0
2026-07-01,7.352941176470588
2026-07-02,12.526096033402922
2026-07-03,18.575851393188856
2026-07-04,0.0
2026-07-05,8.849557522123893
2026-07-06,51.02040816326531
2026-07-07,41.0958904109589
2026-07-08,25.139664804469273
2026-07-09,11.560693641618498
2026-07-10,3.952569169960474
2026-07-11,16.574585635359117
2026-07-12,20.54794520547945
2026-07-13,40.816326530612244
2026-07-14,8.810572687224669
2026-07-15,5.9880239520958085
2026-07-16,2.857142857142857
2026-07-17,16.62049861495845
2026-07-18,7.042253521126761
2026-07-19,28.735632183908045
2026-07-20,24.096385542168676
2026-07-21,11.952191235059761
2026-07-22,19.083969465648856
2026-07-23,21.08433734939759
2026-07-24,0.0
2026-07-25,0.0
2026-07-26,0.0
2026-07-27,5.882352941176471
2026-07-28,20.833333333333332
2026-07-29,15.92356687898089
2026-07-30,19.9203187250996
2026-07-31,14.869888475836431
2026-08-01,16.304347826086957
2026-08-02,12.820512820512821
2026-08-03,18.51851851851852
2026-08-04,36.18421052631579
2026-08-05,112.62798634812286
2026-08-06,78.29181494661921
2026-08-07,31.630170316301705
2026-08-08,22.598870056497177
2026-08-09,88.49557522123894
2026-08-10,31.94888178913738
2026-08-11,9.174311926605505
2026-08-12,51.918735891647856
2026-08-13,99.51456310679612
2026-08-14,22.857142857142858
2026-08-15,23.364485981308412
2026-08-16,0.0
2026-08-17,19.37984496124031
2026-08-18,7.874015748031496
2026-08-19,12.84796573875803
2026-08-20,63.25301204819277
2026-08-21,25.974025974025974
2026-08-22,0.0
2026-08-23,30.150753768844222
2026-08-24,6.25
2026-08-25,11.415525114155251
2026-08-26,2.1413276231263385
2026-08-27,23.4375
2026-08-28,12.539184952978056
2026-08-29,40.723981900452486
2026-08-30,6.25
2026-08-31,6.25
2026-09-01,10.330578512396695
2026-09-02,0.0
2026-09-03,0.0
2026-09-04,16.666666666666668
2026-09-05,17.699115044247787
2026-09-06,0.0
2026-09-07,45.45454545454545
2026-09-08,0.0
2026-09-09,10.273972602739725
2026-09-10,12.875536480686696
2026-09-11,3.225806451612903
2026-09-12,16.949152542372882
2026-09-13,6.5359477124183005
2026-09-14,0.0
2026-09-15,10.06711409395973
2026-09-16,14.705882352941176
2026-09-17,18.42105263157895
2026-09-18,28.169014084507044
2026-09-19,19.53125
2026-09-20,11.11111111111111
2026-09-21,0.0
2026-09-22,3.5842293906810037
2026-09-23,8.474576271186441
2026-09-24,8.445945945945946
2026-09-25,4.0241448692152915
2026-09-26,7.434944237918216
2026-09-27,3.9682539682539684
2026-09-28,5.084745762711864
2026-09-29,2.512562814070352
2026-09-30,11.210762331838565
2026-10-01,3.1746031746031744
2026-10-02,9.25925925925926
2026-10-03,33.149171270718234
2026-10-04,4.385964912280702
2026-10-05,10.118043844856661
2026-10-06,0.0
