2018-01-01,0.0
2018-01-02,0.0
2018-01-03,8.928571428571429
2018-01-04,0.0
2018-01-05,0.0
2018-01-09,120.6896551724138
2018-01-11,18.51851851851852
2018-01-12,12.195121951219512
2018-01-16,54.054054054054056
2018-01-17,94.5945945945946
2018-01-18,30.612244897959183
2018-01-20,38.96103896103896
2018-01-21,16.483516483516482
2018-01-22,5.2356020942408374
2018-01-23,82.1917808219178
2018-01-24,29.702970297029704
2018-01-25,0.0
2018-01-26,13.513513513513514
2018-01-27,45.45454545454545
2018-01-29,0.0
2018-01-30,0.0
2018-01-31,0.0
2018-02-01,12.195121951219512
2018-02-04,27.77777777777778
2018-02-05,38.96103896103896
2018-02-06,14.598540145985401
2018-02-07,16.949152542372882
2018-02-09,0.0
2018-02-13,17.857142857142858
2018-02-14,8.0
2018-02-15,0.0
2018-02-20,61.224489795918366
2018-02-21,25.0
2018-02-23,20.408163265306122
2018-02-24,0.0
2018-02-25,0.0
2018-02-26,4.62962962962963
2018-02-27,6.0606060606060606
2018-02-28,0.0
2018-03-01,25.974025974025974
2018-03-02,19.607843137254903
2018-03-05,0.0
2018-03-06,0.0
2018-03-07,19.607843137254903
2018-03-08,10.526315789473685
2018-03-09,10.75268817204301
2018-03-10,29.41176470588235
2018-03-11,0.0
2018-03-12,0.0
2018-03-13,16.666666666666668
2018-03-14,0.0
2018-03-16,0.0
2018-03-19,16.39344262295082
2018-03-20,40.0
2018-03-21,34.78260869565217
2018-03-22,0.0
2018-03-23,0.0
2018-03-26,0.0
2018-03-27,11.764705882352942
2018-04-04,38.46153846153846
2018-04-05,30.76923076923077
2018-04-06,0.0
2018-04-10,18.867924528301888
2018-04-11,9.25925925925926
2018-04-12,11.627906976744185
2018-04-13,0.0
2018-04-14,0.0
2018-04-16,30.303030303030305
2018-04-17,0.0
2018-04-26,83.33333333333333
2018-04-27,0.0
2018-05-02,12.345679012345679
2018-05-03,36.36363636363637
2018-05-07,14.285714285714286
2018-05-08,0.0
2018-05-09,19.23076923076923
2018-05-10,0.0
2018-05-11,31.645569620253166
2018-05-12,24.691358024691358
2018-05-13,36.144578313253014
2018-05-14,0.0
2018-05-15,18.01801801801802
2018-05-17,26.455026455026456
2018-05-18,10.1010101010101
2018-05-19,0.0
2018-05-20,0.0
2018-05-21,6.172839506172839
2018-05-22,18.633540372670808
2018-05-23,22.727272727272727
2018-05-24,0.0
2018-05-25,0.0
2018-05-26,0.0
2018-05-27,0.0
2018-05-29,19.607843137254903
2018-05-30,41.666666666666664
2018-05-31,0.0
2018-06-01,0.0
2018-06-08,24.84472049689441
2018-06-09,15.625
2018-06-11,0.0
2018-06-12,13.88888888888889
2018-06-13,49.382716049382715
2018-06-14,13.513513513513514
2018-06-15,12.048192771084338
2018-06-20,57.69230769230769
2018-06-21,16.39344262295082
2018-06-22,0.0
2018-06-26,101.26582278481013
2018-06-27,83.33333333333333
2018-06-28,32.78688524590164
2018-07-03,0.0
2018-07-05,0.0
2018-07-06,14.285714285714286
2018-07-09,33.898305084745765
2018-07-10,32.25806451612903
2018-07-12,0.0
2018-07-13,14.492753623188406
2018-07-16,0.0
2018-07-18,0.0
2018-07-19,0.0
2018-07-24,0.0
2018-07-25,32.520325203252035
2018-07-26,123.45679012345678
2018-07-27,43.10344827586207
2018-07-30,12.195121951219512
2018-07-31,0.0
2018-08-01,22.535211267605632
2018-08-02,29.661016949152543
2018-08-03,26.923076923076923
2018-08-04,19.801980198019802
2018-08-05,52.63157894736842
2018-08-06,35.294117647058826
2018-08-07,42.5531914893617
2018-08-08,12.295081967213115
2018-08-09,24.242424242424242
2018-08-10,11.363636363636363
2018-08-11,0.0
2018-08-14,26.31578947368421
2018-08-15,15.625
2018-08-16,15.873015873015873
2018-08-17,0.0
2018-08-24,37.5
2018-08-25,27.397260273972602
2018-08-26,48.19277108433735
2018-08-27,14.285714285714286
2018-08-28,38.96103896103896
2018-08-29,112.24489795918367
2018-08-30,12.658227848101266
2018-08-31,0.0
2018-09-03,17.54385964912281
2018-09-04,0.0
2018-09-06,37.03703703703704
2018-09-14,60.24096385542169
2018-09-17,84.7457627118644
2018-09-25,28.169014084507044
2018-09-26,12.5
2018-09-28,16.949152542372882
2018-09-29,100.0
2018-10-04,0.0
2018-10-05,34.48275862068966
2018-10-06,17.54385964912281
2018-10-07,0.0
2018-10-09,0.0
2018-10-10,0.0
2018-10-11,0.0
2018-10-15,18.181818181818183
2018-10-16,0.0
2018-10-17,0.0
2018-10-18,31.57894736842105
2018-10-19,0.0
2018-10-22,31.25
2018-10-26,70.17543859649123
2018-10-27,62.5
2018-10-28,100.0
2018-10-30,84.33734939759036
2018-10-31,78.43137254901961
2018-11-02,39.21568627450981
2018-11-09,0.0
2018-11-11,0.0
2018-11-12,0.0
2018-11-13,32.78688524590164
2018-11-14,95.89041095890411
2018-11-16,20.408163265306122
2018-11-19,54.054054054054056
2018-11-21,0.0
2018-11-22,17.54385964912281
2018-11-23,23.80952380952381
2018-11-24,26.666666666666668
2018-11-25,19.607843137254903
2018-11-26,25.974025974025974
2018-11-27,53.191489361702125
2018-11-29,17.699115044247787
2018-12-03,13.698630136986301
2018-12-04,64.51612903225806
2018-12-07,12.658227848101266
2018-12-09,19.607843137254903
2018-12-10,14.492753623188406
2018-12-11,40.0
2018-12-12,0.0
2018-12-13,0.0
2018-12-14,5.2356020942408374
2018-12-15,16.39344262295082
2018-12-17,8.547008547008547
2018-12-18,8.849557522123893
2018-12-19,0.0
2018-12-20,18.69158878504673
2018-12-21,46.02510460251046
2018-12-22,23.80952380952381
2018-12-23,72.28915662650603
2018-12-24,30.303030303030305
2018-12-25,47.61904761904762
2018-12-26,28.30188679245283
2018-12-27,36.91275167785235
2018-12-28,32.35294117647059
2018-12-29,31.055900621118013
2018-12-30,21.791767554479417
2018-12-31,21.148036253776436
2019-01-01,10.638297872340425
2019-01-02,23.076923076923077
2019-01-03,18.404907975460123
2019-01-04,53.475935828877006
2019-01-05,99.41520467836257
2019-01-06,45.45454545454545
2019-01-07,56.17977528089887
2019-01-08,40.54054054054054
2019-01-09,100.87719298245614
2019-01-10,53.46820809248555
2019-01-11,50.607287449392715
2019-01-12,46.931407942238266
2019-01-13,26.200873362445414
2019-01-14,20.100502512562816
2019-01-15,33.47280334728033
2019-01-16,29.12621359223301
2019-01-17,17.24137931034483
2019-01-18,37.9746835443038
2019-01-19,52.083333333333336
2019-01-20,19.35483870967742
2019-01-21,12.605042016806722
2019-01-22,6.329113924050633
2019-01-23,15.151515151515152
2019-01-24,3.3003300330033003
2019-01-25,0.0
2019-01-26,0.0
2019-01-27,0.0
2019-01-28,0.0
2019-01-29,22.058823529411764
2019-01-30,63.63636363636363
2019-01-31,30.612244897959183
2019-02-01,0.0
2019-02-02,0.0
2019-02-04,0.0
2019-02-05,14.925373134328359
2019-02-06,21.05263157894737
2019-02-07,26.31578947368421
2019-02-08,0.0
2019-02-09,65.78947368421052
2019-02-10,41.0958904109589
2019-02-11,15.151515151515152
2019-02-12,21.50537634408602
2019-02-14,0.0
2019-02-15,0.0
2019-02-18,0.0
2019-02-19,16.39344262295082
2019-02-20,0.0
2019-02-21,0.0
2019-02-22,0.0
2019-02-23,0.0
2019-02-25,13.513513513513514
2019-02-26,8.333333333333334
2019-02-27,55.55555555555556
2019-02-28,0.0
2019-03-01,0.0
2019-03-02,0.0
2019-03-04,19.801980198019802
2019-03-06,0.0
2019-03-07,0.0
2019-03-08,16.39344262295082
2019-03-09,14.285714285714286
2019-03-10,0.0
2019-03-11,20.0
2019-03-12,0.0
2019-03-13,38.46153846153846
2019-03-14,12.578616352201259
2019-03-15,11.494252873563218
2019-03-18,40.816326530612244
2019-03-19,21.390374331550802
2019-03-20,65.78947368421052
2019-03-26,0.0
2019-03-27,17.24137931034483
2019-03-28,24.096385542168676
2019-03-29,14.705882352941176
2019-04-03,0.0
2019-04-04,0.0
2019-04-05,0.0
2019-04-11,33.333333333333336
2019-04-17,15.037593984962406
2019-04-19,18.867924528301888
2019-04-20,0.0
2019-04-21,29.702970297029704
2019-04-23,25.641025641025642
2019-04-26,118.64406779661017
2019-04-30,40.0
2019-05-03,0.0
2019-05-08,0.0
2019-05-20,0.0
2019-05-21,0.0
2019-05-22,0.0
2019-05-23,0.0
2019-05-24,20.2020202020202
2019-05-27,20.0
2019-05-29,90.9090909090909
2019-05-30,9.345794392523365
2019-05-31,0.0
2019-06-01,0.0
2019-06-05,0.0
2019-06-13,0.0
2019-06-19,72.46376811594203
2019-06-20,0.0
2019-06-21,12.195121951219512
2019-06-24,0.0
2019-06-25,0.0
2019-06-28,7.299270072992701
2019-06-30,74.6268656716418
2019-07-01,64.22018348623853
2019-07-02,34.09090909090909
2019-07-04,82.64462809917356
2019-07-08,18.181818181818183
2019-07-09,0.0
2019-07-15,19.607843137254903
2019-07-16,0.0
2019-07-17,12.658227848101266
2019-07-18,0.0
2019-07-22,0.0
2019-07-23,0.0
2019-07-24,0.0
2019-07-25,0.0
2019-07-26,12.048192771084338
2019-07-29,19.047619047619047
2019-07-31,29.41176470588235
2019-08-01,17.094017094017094
2019-08-02,27.027027027027028
2019-08-07,31.746031746031747
2019-08-08,23.25581395348837
2019-08-14,0.0
2019-08-16,14.705882352941176
2019-08-21,20.0
2019-08-23,0.0
2019-08-26,0.0
2019-08-27,0.0
2019-09-02,16.666666666666668
2019-09-04,0.0
2019-09-05,14.084507042253522
2019-09-06,0.0
2019-09-17,0.0
2019-09-18,12.658227848101266
2019-09-20,43.47826086956522
2019-09-25,16.39344262295082
2019-09-26,18.867924528301888
2019-10-09,20.0
2019-10-21,0.0
2019-10-24,0.0
2019-11-04,0.0
2019-11-06,56.33802816901409
2019-11-07,47.61904761904762
2019-11-22,0.0
2019-11-24,0.0
2019-11-25,0.0
2019-11-26,0.0
2019-11-27,7.042253521126761
2019-11-28,0.0
2019-11-30,0.0
2019-12-02,0.0
2019-12-03,37.03703703703704
2019-12-04,0.0
2019-12-05,31.25
2019-12-16,35.294117647058826
2019-12-19,29.26829268292683
2019-12-20,33.333333333333336
2020-01-09,18.51851851851852
2020-01-17,0.0
2020-01-20,0.0
2020-01-22,0.0
2020-01-23,0.0
2020-01-24,0.0
2020-01-29,0.0
2020-01-31,0.0
2020-02-03,43.47826086956522
2020-03-03,0.0
2020-03-04,39.21568627450981
2020-03-09,0.0
2020-03-17,27.027027027027028
2020-03-23,19.23076923076923
2020-03-24,30.76923076923077
2020-03-25,74.46808510638297
2020-03-27,0.0
2020-03-31,0.0
2020-04-01,0.0
2020-04-02,74.07407407407408
2020-04-07,15.873015873015873
2020-04-08,0.0
2020-04-09,46.15384615384615
2020-04-11,0.0
2020-04-12,0.0
2020-04-13,0.0
2020-04-14,0.0
2020-04-21,36.36363636363637
2020-04-23,39.21568627450981
2020-04-24,28.985507246376812
2020-04-25,0.0
2020-04-27,0.0
2020-05-06,83.33333333333333
2020-05-08,29.850746268656717
2020-05-18,0.0
2020-05-21,60.0
2020-05-27,18.181818181818183
2020-06-01,0.0
2020-06-02,0.0
2020-06-03,0.0
2020-06-06,40.0
2020-06-09,0.0
2020-06-11,134.6153846153846
2020-06-12,47.61904761904762
2020-06-17,0.0
2020-06-19,0.0
2020-06-20,0.0
2020-06-23,49.18032786885246
2020-06-25,50.63291139240506
2020-06-26,172.41379310344828
2020-06-28,0.0
2020-06-30,0.0
2020-07-01,0.0
2020-07-07,0.0
2020-07-08,0.0
2020-07-09,27.027027027027028
2020-07-10,0.0
2020-07-13,0.0
2020-07-15,45.45454545454545
2020-07-16,0.0
2020-08-11,0.0
2020-08-12,46.15384615384615
2020-09-04,40.65040650406504
2020-09-07,0.0
2020-09-10,51.54639175257732
2020-09-23,0.0
2020-11-25,0.0
2020-12-01,0.0
2020-12-02,0.0
2020-12-07,16.39344262295082
2020-12-08,0.0
2020-12-16,0.0
2020-12-18,0.0
2021-01-07,41.666666666666664
2021-01-08,6.289308176100629
2021-01-09,0.0
2021-01-13,13.698630136986301
2021-01-15,0.0
2021-01-29,0.0
2021-02-01,18.867924528301888
2021-02-02,0.0
2021-02-04,16.39344262295082
2021-02-12,36.58536585365854
2021-02-14,0.0
2021-02-15,0.0
2021-02-16,17.54385964912281
2021-02-17,40.816326530612244
2021-02-18,14.705882352941176
2021-02-19,21.73913043478261
2021-02-22,0.0
2021-02-23,17.142857142857142
2021-02-24,7.299270072992701
2021-03-01,60.0
2021-03-03,56.60377358490566
2021-03-04,44.44444444444444
2021-03-09,0.0
2021-03-15,0.0
2021-03-24,0.0
2021-03-31,0.0
2021-04-01,0.0
2021-04-03,0.0
2021-04-04,0.0
2021-04-05,0.0
2021-04-06,0.0
2021-04-07,7.874015748031496
2021-04-08,0.0
2021-04-09,0.0
2021-04-12,0.0
2021-04-13,39.21568627450981
2021-04-19,0.0
2021-04-20,0.0
2021-04-21,0.0
2021-04-22,40.0
2021-04-23,31.25
2021-04-26,49.01960784313726
2021-04-27,10.1010101010101
2021-04-29,52.63157894736842
2021-05-01,89.55223880597015
2021-05-04,0.0
2021-05-05,80.0
2021-05-06,0.0
2021-05-07,15.873015873015873
2021-05-11,35.714285714285715
2021-05-12,16.129032258064516
2021-05-23,40.65040650406504
2021-05-24,33.557046979865774
2021-05-25,57.971014492753625
2021-05-26,39.21568627450981
2021-05-27,93.75
2021-05-28,21.05263157894737
2021-05-31,19.607843137254903
2021-06-01,17.54385964912281
2021-06-02,35.714285714285715
2021-06-03,40.0
2021-06-04,34.48275862068966
2021-06-07,0.0
2021-06-09,14.925373134328359
2021-06-14,19.23076923076923
2021-07-06,0.0
2021-07-19,0.0
2021-07-23,14.492753623188406
2021-08-04,0.0
2021-08-28,66.66666666666667
2021-09-15,0.0
2021-09-16,0.0
2021-09-17,19.23076923076923
2021-09-24,16.949152542372882
2021-09-27,0.0
2021-09-30,0.0
2021-10-01,0.0
2021-10-06,42.857142857142854
2021-10-31,24.096385542168676
2021-11-01,0.0
2021-11-03,0.0
2021-11-08,0.0
2021-11-11,0.0
2021-11-17,0.0
2021-11-25,0.0
2021-11-26,15.151515151515152
2021-11-30,39.21568627450981
2021-12-01,0.0
2021-12-02,18.181818181818183
2021-12-06,38.46153846153846
2021-12-14,29.41176470588235
2022-01-19,0.0
2022-01-20,0.0
2022-02-02,0.0
2022-02-03,21.27659574468085
2022-02-04,42.25352112676056
2022-02-09,29.850746268656717
2022-02-14,0.0
2022-02-21,11.764705882352942
2022-02-22,16.949152542372882
2022-02-23,11.627906976744185
2022-02-24,0.0
2022-03-03,13.333333333333334
2022-03-22,0.0
2022-03-29,0.0
2022-03-30,0.0
2022-04-02,0.0
2022-04-06,0.0
2022-04-07,0.0
2022-04-08,0.0
2022-04-11,0.0
2022-04-14,0.0
2022-04-15,0.0
2022-04-22,16.129032258064516
2022-04-23,0.0
2022-04-29,0.0
2022-05-10,0.0
2022-05-17,0.0
2022-05-18,9.803921568627452
2022-05-23,0.0
2022-05-25,16.949152542372882
2022-05-26,0.0
2022-05-27,16.129032258064516
2022-05-28,40.0
2022-05-31,28.169014084507044
2022-06-01,34.48275862068966
2022-06-02,11.494252873563218
2022-06-06,0.0
2022-06-07,0.0
2022-06-08,0.0
2022-06-09,23.80952380952381
2022-06-10,15.384615384615385
2022-06-11,67.41573033707866
2022-06-12,0.0
2022-06-13,0.0
2022-06-14,0.0
2022-06-15,31.746031746031747
2022-06-16,11.627906976744185
2022-06-17,12.345679012345679
2022-06-18,19.23076923076923
2022-06-20,48.275862068965516
2022-06-21,0.0
2022-06-22,14.925373134328359
2022-06-23,11.627906976744185
2022-06-27,19.23076923076923
2022-06-29,0.0
2022-06-30,15.267175572519085
2022-07-01,0.0
2022-07-05,25.641025641025642
2022-07-06,0.0
2022-07-07,40.0
2022-07-08,13.698630136986301
2022-07-11,0.0
2022-07-15,0.0
2022-07-19,33.898305084745765
2022-07-22,0.0
2022-07-26,0.0
2022-07-27,9.900990099009901
2022-07-28,9.615384615384615
2022-07-29,53.191489361702125
2022-08-01,0.0
2022-08-02,0.0
2022-08-03,54.054054054054056
2022-08-04,0.0
2022-08-05,46.728971962616825
2022-08-08,50.0
2022-08-09,17.857142857142858
2022-08-10,13.157894736842104
2022-08-11,0.0
2022-08-12,44.11764705882353
2022-08-16,0.0
2022-08-17,18.51851851851852
2022-08-18,0.0
2022-08-19,19.607843137254903
2022-08-22,55.55555555555556
2022-08-23,0.0
2022-09-23,0.0
2022-09-24,0.0
2022-10-03,8.695652173913043
2022-10-04,0.0
2022-10-05,0.0
2022-10-06,17.857142857142858
2022-10-18,17.54385964912281
2022-10-20,0.0
2022-10-25,0.0
2022-10-27,53.57142857142857
2022-10-28,20.0
2022-10-31,0.0
2022-11-01,19.23076923076923
2022-11-02,34.48275862068966
2022-11-03,111.11111111111111
2022-11-04,15.873015873015873
2022-11-07,8.771929824561404
2022-11-08,29.850746268656717
2022-11-09,54.54545454545455
2022-11-11,55.55555555555556
2022-11-12,26.666666666666668
2022-11-13,0.0
2022-11-14,7.246376811594203
2022-11-15,15.873015873015873
2022-11-16,40.54054054054054
2022-11-18,0.0
2022-11-21,47.61904761904762
2022-11-22,0.0
2022-11-23,31.746031746031747
2022-11-24,0.0
2022-11-25,0.0
2022-11-26,60.60606060606061
2022-11-29,17.857142857142858
2022-11-30,0.0
2022-12-01,12.5
2022-12-02,0.0
2022-12-05,0.0
2022-12-06,0.0
2022-12-07,0.0
2022-12-08,14.285714285714286
2022-12-10,0.0
2022-12-13,15.625
2022-12-14,0.0
2022-12-15,21.27659574468085
2022-12-16,0.0
2022-12-22,0.0
2023-01-05,29.41176470588235
2023-01-16,0.0
2023-01-17,0.0
2023-01-18,22.988505747126435
2023-01-19,10.75268817204301
2023-01-22,0.0
2023-01-23,0.0
2023-01-24,0.0
2023-01-25,0.0
2023-01-26,0.0
2023-01-27,0.0
2023-01-28,14.084507042253522
2023-01-29,0.0
2023-01-30,0.0
2023-01-31,2.207505518763797
2023-02-01,1.9011406844106464
2023-02-02,7.067137809187279
2023-02-03,0.0
2023-02-06,0.0
2023-02-07,30.67484662576687
2023-02-08,28.169014084507044
2023-02-10,72.72727272727273
2023-02-17,0.0
2023-02-21,0.0
2023-03-01,0.0
2023-03-04,17.857142857142858
2023-03-07,0.0
2023-03-08,0.0
2023-03-10,19.607843137254903
2023-03-12,0.0
2023-03-17,0.0
2023-03-20,38.46153846153846
2023-03-24,12.195121951219512
2023-03-27,0.0
2023-03-29,30.612244897959183
2023-03-30,8.264462809917354
2023-04-03,0.0
2023-04-04,17.24137931034483
2023-04-05,10.1010101010101
2023-04-07,0.0
2023-04-13,45.04504504504504
2023-04-15,0.0
2023-04-18,14.285714285714286
2023-04-27,64.93506493506493
2023-05-08,0.0
2023-05-09,54.34782608695652
2023-05-10,57.971014492753625
2023-05-11,9.70873786407767
2023-05-12,37.03703703703704
2023-05-19,54.54545454545455
2023-05-23,11.904761904761905
2023-05-24,0.0
2023-05-25,0.0
2023-05-26,0.0
2023-05-29,20.0
2023-06-01,27.397260273972602
2023-06-02,0.0
2023-06-03,50.0
2023-06-06,26.785714285714285
2023-06-08,53.57142857142857
2023-06-12,10.309278350515465
2023-06-13,27.522935779816514
2023-06-14,33.333333333333336
2023-06-15,59.701492537313435
2023-06-16,19.23076923076923
2023-06-19,0.0
2023-06-23,35.08771929824562
2023-06-30,22.471910112359552
2023-07-06,35.08771929824562
2023-07-13,0.0
2023-07-14,0.0
2023-07-15,20.0
2023-07-17,0.0
2023-07-18,0.0
2023-07-20,7.874015748031496
2023-07-24,0.0
2023-07-28,0.0
2023-08-08,20.0
2023-08-10,0.0
2023-08-16,0.0
2023-08-18,0.0
2023-08-21,0.0
2023-08-22,0.0
2023-08-23,17.54385964912281
2023-08-30,13.333333333333334
2023-09-06,10.309278350515465
2023-09-12,0.0
2023-09-14,0.0
2023-09-15,11.235955056179776
2023-09-22,0.0
2023-09-29,26.31578947368421
2023-09-30,0.0
2023-10-02,16.574585635359117
2023-10-03,19.23076923076923
2023-10-04,0.0
2023-10-09,15.873015873015873
2023-10-13,18.867924528301888
2023-10-24,0.0
2023-10-25,0.0
2023-10-26,29.41176470588235
2023-10-30,66.66666666666667
2023-10-31,65.93406593406593
2023-11-07,21.05263157894737
2023-11-08,0.0
2023-11-14,0.0
2023-11-19,0.0
2023-11-20,6.369426751592357
2023-11-21,90.9090909090909
2023-11-25,0.0
2023-11-29,0.0
2023-12-04,76.92307692307692
2023-12-08,102.56410256410257
2023-12-11,45.45454545454545
2023-12-12,0.0
2023-12-13,73.17073170731707
2023-12-16,20.408163265306122
2023-12-17,10.0
2023-12-18,13.698630136986301
2023-12-19,11.976047904191617
2023-12-20,55.248618784530386
2023-12-21,28.776978417266186
2023-12-22,0.0
2023-12-23,82.1917808219178
2023-12-24,80.0
2023-12-26,52.63157894736842
2023-12-27,36.58536585365854
2023-12-28,89.04109589041096
2023-12-31,16.39344262295082
2024-01-02,28.571428571428573
2024-01-03,9.090909090909092
2024-01-11,132.0754716981132
2024-01-13,37.5
2024-01-14,96.15384615384616
2024-01-15,0.0
2024-01-16,12.195121951219512
2024-01-17,52.17391304347826
2024-01-19,0.0
2024-01-22,0.0
2024-01-23,10.638297872340425
2024-01-24,0.0
2024-01-25,37.735849056603776
2024-01-26,0.0
2024-01-27,38.46153846153846
2024-01-31,0.0
2024-02-07,15.151515151515152
2024-02-08,9.615384615384615
2024-02-09,0.0
2024-02-12,19.607843137254903
2024-02-13,20.13422818791946
2024-02-14,28.169014084507044
2024-02-15,34.48275862068966
2024-02-16,0.0
2024-02-17,147.54098360655738
2024-02-19,29.12621359223301
2024-02-21,61.72839506172839
2024-02-22,13.333333333333334
2024-02-23,89.74358974358974
2024-02-28,34.883720930232556
2024-02-29,0.0
2024-03-01,31.25
2024-03-07,0.0
2024-03-08,0.0
2024-03-12,31.25
2024-03-14,23.80952380952381
2024-03-18,0.0
2024-03-19,38.46153846153846
2024-03-20,0.0
2024-03-22,13.333333333333334
2024-03-27,0.0
2024-03-28,0.0
2024-04-03,32.25806451612903
2024-04-10,0.0
2024-04-12,20.0
2024-04-17,19.607843137254903
2024-04-23,80.64516129032258
2024-04-25,38.96103896103896
2024-04-26,0.0
2024-04-29,0.0
2024-04-30,13.513513513513514
2024-05-06,0.0
2024-05-07,0.0
2024-05-09,60.0
2024-05-10,0.0
2024-05-14,14.705882352941176
2024-05-19,38.83495145631068
2024-05-20,11.627906976744185
2024-05-21,20.408163265306122
2024-05-22,0.0
2024-05-28,45.45454545454545
2024-05-29,13.333333333333334
2024-05-30,0.0
2024-05-31,11.627906976744185
2024-06-08,0.0
2024-06-11,0.0
2024-06-12,54.54545454545455
2024-06-13,14.285714285714286
2024-06-14,0.0
2024-06-20,98.76543209876543
2024-06-22,0.0
2024-06-30,0.0
2024-07-01,0.0
2024-07-02,20.0
2024-07-03,8.620689655172415
2024-07-04,0.0
2024-07-05,0.0
2024-07-08,0.0
2024-07-09,14.705882352941176
2024-08-09,0.0
2024-08-13,51.94805194805195
2024-08-14,8.064516129032258
2024-08-15,48.38709677419355
2024-08-16,18.181818181818183
2024-08-19,0.0
2024-08-20,19.607843137254903
2024-08-22,15.625
2024-08-26,11.764705882352942
2024-08-27,17.857142857142858
2024-08-28,0.0
2024-08-29,0.0
2024-09-03,10.94890510948905
2024-09-04,0.0
2024-09-05,0.0
2024-09-06,24.691358024691358
2024-09-09,0.0
2024-09-10,14.705882352941176
2024-09-11,0.0
2024-09-13,39.603960396039604
2024-09-17,0.0
2024-09-18,0.0
2024-09-20,11.904761904761905
2024-09-21,0.0
2024-09-22,0.0
2024-09-25,20.0
2024-09-30,29.41176470588235
2024-10-01,0.0
2024-10-03,9.803921568627452
2024-10-04,0.0
2024-10-10,0.0
2024-10-24,13.88888888888889
2024-11-21,13.698630136986301
2024-11-25,0.0
2024-12-03,19.607843137254903
2024-12-04,0.0
2024-12-05,129.62962962962962
2024-12-06,18.34862385321101
2024-12-07,0.0
2024-12-09,30.76923076923077
2024-12-11,23.4375
2024-12-12,0.0
2024-12-13,18.181818181818183
2024-12-17,56.60377358490566
2024-12-20,31.25
2025-01-16,13.698630136986301
2025-01-17,47.61904761904762
2025-01-23,11.494252873563218
2025-01-24,37.234042553191486
2025-01-25,48.78048780487805
2025-01-26,23.076923076923077
2025-01-27,32.407407407407405
2025-01-28,28.94736842105263
2025-01-29,35.43307086614173
2025-01-30,10.443864229765014
2025-01-31,48.87218045112782
2025-02-01,17.441860465116278
2025-02-02,27.027027027027028
2025-02-03,5.181347150259067
2025-02-04,34.96503496503497
2025-02-05,44.943820224719104
2025-02-06,58.36575875486381
2025-02-07,72.72727272727273
2025-02-08,46.875
2025-02-09,0.0
2025-02-10,22.900763358778626
2025-02-11,0.0
2025-02-12,52.63157894736842
2025-02-13,78.125
2025-02-14,34.48275862068966
2025-02-15,22.727272727272727
2025-02-16,11.11111111111111
2025-02-17,29.41176470588235
2025-02-18,30.76923076923077
2025-02-19,50.72463768115942
2025-02-20,29.702970297029704
2025-02-21,13.793103448275861
2025-02-22,35.714285714285715
2025-02-24,33.61344537815126
2025-02-25,19.10828025477707
2025-02-26,33.898305084745765
2025-02-27,28.089887640449437
2025-02-28,34.883720930232556
2025-03-01,17.699115044247787
2025-03-03,0.0
2025-03-04,13.333333333333334
2025-03-05,0.0
2025-03-07,35.08771929824562
2025-03-10,15.151515151515152
2025-03-11,21.05263157894737
2025-03-12,16.39344262295082
2025-03-13,0.0
2025-03-14,64.1025641025641
2025-03-17,0.0
2025-03-18,8.333333333333334
2025-03-19,7.352941176470588
2025-03-20,31.25
2025-03-21,0.0
2025-03-22,56.60377358490566
2025-03-24,0.0
2025-03-25,17.699115044247787
2025-03-27,96.3855421686747
2025-03-28,132.53012048192772
2025-04-01,0.0
2025-04-02,0.0
2025-04-03,0.0
2025-04-04,27.77777777777778
2025-04-07,0.0
2025-04-08,14.084507042253522
2025-04-09,16.129032258064516
2025-04-10,12.345679012345679
2025-04-11,34.48275862068966
2025-04-15,0.0
2025-04-17,28.571428571428573
2025-04-21,0.0
2025-04-22,0.0
2025-04-23,24.096385542168676
2025-04-25,0.0
2025-04-29,0.0
2025-04-30,0.0
2025-05-01,25.0
2025-05-02,0.0
2025-05-06,12.658227848101266
2025-05-07,13.333333333333334
2025-05-14,16.39344262295082
2025-05-16,17.54385964912281
2025-05-22,0.0
2025-05-23,0.0
2025-05-26,17.857142857142858
2025-05-29,23.80952380952381
2025-06-06,0.0
2025-07-02,10.526315789473685
2025-07-03,15.873015873015873
2025-07-07,0.0
2025-07-08,0.0
2025-07-11,49.18032786885246
2025-07-19,15.384615384615385
2025-07-24,35.714285714285715
2025-07-25,14.084507042253522
2025-07-26,208.955223880597
2025-07-27,126.58227848101266
2025-07-28,7.6923076923076925
2025-07-29,0.0
2025-07-30,25.423728813559322
2025-07-31,0.0
2025-08-01,0.0
2025-08-03,0.0
2025-08-07,25.641025641025642
2025-08-08,0.0
2025-08-12,42.10526315789474
2025-08-18,27.027027027027028
2025-08-19,0.0
2025-08-20,0.0
2025-08-21,44.11764705882353
2025-08-22,126.98412698412699
2025-08-26,0.0
2025-08-27,0.0
2025-09-01,0.0
2025-09-02,75.26881720430107
2025-09-03,12.345679012345679
2025-09-04,6.802721088435374
2025-09-08,0.0
2025-09-09,0.0
2025-09-10,0.0
2025-09-12,14.492753623188406
2025-09-15,72.46376811594203
2025-09-17,156.86274509803923
2025-09-18,57.971014492753625
2025-09-22,15.873015873015873
2025-09-23,0.0
2025-09-30,37.878787878787875
2025-10-01,54.6448087431694
2025-10-02,0.0
2025-10-03,16.949152542372882
2025-10-07,0.0
2025-10-09,0.0
2025-10-10,0.0
2025-10-14,0.0
2025-11-07,0.0
2025-11-17,27.77777777777778
2025-11-18,0.0
2025-11-21,0.0
2025-11-26,18.181818181818183
2025-11-29,38.46153846153846
2025-12-04,10.638297872340425
2025-12-05,0.0
2025-12-08,40.0
2025-12-09,51.282051282051285
2025-12-10,7.8125
2025-12-11,29.069767441860463
2025-12-12,38.96103896103896
2025-12-13,15.384615384615385
2025-12-14,45.45454545454545
2025-12-15,140.0
2025-12-16,79.20792079207921
2025-12-17,51.54639175257732
2025-12-22,0.0
2025-12-23,0.0
2025-12-31,51.724137931034484
2026-01-08,17.24137931034483
2026-01-19,32.25806451612903
2026-02-03,60.0
2026-02-04,5.9171597633136095
2026-02-06,0.0
2026-02-10,125.0
2026-02-12,68.96551724137932
2026-02-16,17.54385964912281
2026-02-18,35.08771929824562
2026-02-20,0.0
2026-02-24,0.0
2026-02-26,71.42857142857143
2026-03-03,0.0
2026-03-11,25.31645569620253
2026-03-12,28.846153846153847
2026-03-17,19.801980198019802
2026-04-02,0.0
2026-04-17,0.0
2026-04-22,0.0
2026-05-06,0.0
2026-05-07,10.989010989010989
2026-05-15,36.69724770642202
2026-05-16,45.45454545454545
2026-05-17,49.645390070921984
2026-05-18,20.408163265306122
2026-05-19,57.77777777777778
2026-05-20,16.666666666666668
2026-05-21,51.851851851851855
2026-05-22,25.210084033613445
2026-05-23,44.943820224719104
2026-05-24,11.11111111111111
2026-05-25,6.451612903225806
2026-05-26,9.803921568627452
2026-05-27,9.25925925925926
2026-05-28,50.561797752808985
2026-05-29,24.242424242424242
2026-05-30,34.18803418803419
2026-05-31,0.0
2026-06-01,73.39449541284404
2026-06-02,41.666666666666664
2026-06-03,44.776119402985074
2026-06-04,14.285714285714286
2026-06-05,36.36363636363637
2026-06-06,0.0
2026-06-09,63.29113924050633
2026-06-10,26.455026455026456
2026-06-11,0.0
2026-06-12,0.0
2026-06-16,10.309278350515465
2026-06-17,25.974025974025974
2026-06-18,0.0
2026-06-19,0.0
2026-06-22,25.974025974025974
2026-06-23,31.25
2026-06-24,13.513513513513514
2026-06-25,0.0
2026-06-26,0.0
2026-06-27,0.0
2026-06-29,0.0
2026-06-30,8.547008547008547
2026-07-01,0.0
2026-07-03,0.0
2026-07-08,36.36363636363637
2026-07-09,0.0
2026-07-10,38.46153846153846
2026-07-15,26.666666666666668
2026-07-16,19.23076923076923
2026-07-25,55.55555555555556
2026-07-27,153.84615384615384
2026-07-29,0.0
2026-07-30,15.625
2026-08-04,35.46099290780142
2026-08-05,52.63157894736842
2026-08-06,6.289308176100629
2026-08-07,30.0
2026-08-10,12.195121951219512
2026-08-13,39.21568627450981
2026-08-17,34.48275862068966
2026-08-18,0.0
2026-08-19,16.39344262295082
2026-08-21,29.41176470588235
2026-08-22,0.0
2026-08-24,40.0
2026-08-25,25.641025641025642
2026-09-02,16.666666666666668
2026-09-04,0.0
2026-09-10,0.0
2026-09-11,16.39344262295082
2026-09-14,0.0
2026-09-15,41.666666666666664
2026-09-16,62.93706293706294
2026-09-17,17.54385964912281
2026-09-22,0.0
2026-09-25,0.0
2026-09-26,16.39344262295082
2026-09-27,0.0
2026-09-28,43.47826086956522
2026-10-06,0.0
