2026-05-11,35002.666666666664
2026-05-12,34982.96527777778
2026-05-13,34988.98263888889
2026-05-14,34992.333333333336
2026-05-15,34997.74825174825
2026-05-16,35001.34027777778
2026-05-17,35000.260416666664
2026-05-18,35003.197916666664
2026-05-19,34999.5
2026-05-20,35001.46875
2026-05-21,34998.506944444445
2026-05-22,35002.65625
2026-05-23,35008.333333333336
2026-05-24,35007.336805555555
2026-05-25,35012.461805555555
2026-05-26,35020.208333333336
2026-05-27,35007.104166666664
2026-05-28,35019.072916666664
2026-05-29,35039.131944444445
2026-05-30,35091.729166666664
2026-05-31,35109.5625
2026-06-01,35086.77777777778
2026-06-02,35057.552083333336
2026-06-03,35087.822916666664
2026-06-04,35087.85763888889
2026-06-05,35100.38888888889
2026-06-06,35118.51736111111
2026-06-07,35114.458333333336
2026-06-08,35113.43402777778
2026-06-09,35122.8125
2026-06-10,35120.007751937985
2026-06-11,35146.12152777778
2026-06-12,35160.243055555555
2026-06-13,35148.43402777778
2026-06-14,35146.06597222222
2026-06-15,35161.0625
2026-06-16,35201.95486111111
2026-06-17,35209.93402777778
2026-06-18,35179.25
2026-06-19,35164.47222222222
2026-06-20,35165.899305555555
2026-06-21,35180.24652777778
2026-06-22,35131.618055555555
2026-06-23,35080.97222222222
2026-06-24,35048.82986111111
2026-06-25,35053.48263888889
2026-06-26,35009.95138888889
2026-06-27,35022.072916666664
2026-06-28,35004.125
2026-06-29,34983.479166666664
2026-06-30,34977.64236111111
2026-07-01,34940.40277777778
2026-07-02,34833.711805555555
2026-07-03,34851.430555555555
2026-07-04,34874.899305555555
2026-07-05,34858.395833333336
2026-07-06,34831.666666666664
2026-07-07,34864.21527777778
2026-07-08,34864.493055555555
2026-07-09,34860.99652777778
2026-07-10,34865.21875
2026-07-11,34864.010416666664
2026-07-12,34871.21527777778
2026-07-13,34886.15625
2026-07-14,34887.302083333336
2026-07-15,34893.76388888889
2026-07-16,34885.836805555555
2026-07-17,34893.51736111111
2026-07-18,34904.739583333336
2026-07-19,34911.96527777778
2026-07-20,34909.850694444445
2026-07-21,34923.333333333336
2026-07-22,34887.677083333336
2026-07-23,34857.01736111111
2026-07-24,34847.399305555555
2026-07-25,34838.67361111111
2026-07-26,34851.052083333336
2026-07-27,34856.84375
2026-07-28,34876.64236111111
2026-07-29,34893.743055555555
2026-07-30,34898.586805555555
2026-07-31,34895.041666666664
2026-08-01,34874.37847222222
2026-08-02,34968.788194444445
2026-08-03,35138.20138888889
2026-08-04,35145.631944444445
2026-08-05,35168.288194444445
2026-08-06,35173.4375
2026-08-07,35172.756944444445
2026-08-08,35176.77777777778
2026-08-09,35167.635658914725
2026-08-10,35203.10763888889
2026-08-11,35215.631944444445
2026-08-12,35223.57638888889
2026-08-13,35219.413194444445
2026-08-14,35250.069444444445
2026-08-15,35254.23611111111
2026-08-16,35226.708333333336
2026-08-17,35255.333333333336
2026-08-18,35271.6875
2026-08-19,35271.364583333336
2026-08-20,35258.79513888889
2026-08-21,35241.53125
2026-08-22,35269.618055555555
2026-08-23,35278.125
2026-08-24,35263.868055555555
2026-08-25,35302.57638888889
2026-08-26,35312.0
2026-08-27,35349.55902777778
2026-08-28,35324.163194444445
2026-08-29,35322.42013888889
2026-08-30,35357.75347222222
2026-08-31,35369.9375
2026-09-01,35384.538194444445
2026-09-02,35385.8125
2026-09-03,35383.024305555555
2026-09-04,35401.885416666664
2026-09-05,35409.23263888889
2026-09-06,35416.37152777778
2026-09-07,35197.375
2026-09-08,35196.62847222222
2026-09-09,35180.458333333336
2026-09-10,35142.635416666664
2026-09-11,35183.447916666664
2026-09-12,35198.836805555555
2026-09-13,35201.229166666664
2026-09-14,35199.381944444445
2026-09-15,35198.18402777778
2026-09-16,35203.381944444445
2026-09-17,35200.131944444445
2026-09-18,35199.041666666664
2026-09-19,35218.868055555555
2026-09-20,35210.25
2026-09-21,35209.78472222222
2026-09-22,35193.43402777778
2026-09-23,34878.71875
2026-09-24,34864.37847222222
2026-09-25,34972.774305555555
2026-09-26,35028.038194444445
2026-09-27,34964.413194444445
2026-09-28,34987.586805555555
2026-09-29,35011.697916666664
2026-09-30,35035.54861111111
2026-10-01,35094.743055555555
2026-10-02,35145.354166666664
2026-10-03,35156.666666666664
2026-10-04,35141.76736111111
2026-10-05,35134.572916666664
2026-10-06,35129.510416666664
2026-10-07,35140.625
