2026-05-12,7764.409722222223
2026-05-13,7733.576388888889
2026-05-14,7728.145833333333
2026-05-15,7785.181818181818
2026-05-16,7783.777777777777
2026-05-17,7785.631944444444
2026-05-18,7805.013888888889
2026-05-19,7795.131944444444
2026-05-20,7800.791666666667
2026-05-21,7812.090277777777
2026-05-22,7810.291666666667
2026-05-23,7790.097222222223
2026-05-24,7803.402777777777
2026-05-25,7816.236111111111
2026-05-26,7816.826388888889
2026-05-27,7803.916666666667
2026-05-28,7787.354166666667
2026-05-29,7803.590277777777
2026-05-30,7781.756944444444
2026-05-31,7786.381944444444
2026-06-01,7805.923611111111
2026-06-02,7797.090277777777
2026-06-03,7805.618055555556
2026-06-04,7818.944444444444
2026-06-05,7815.152777777777
2026-06-06,7803.854166666667
2026-06-07,7798.354166666667
2026-06-08,7788.263888888889
2026-06-09,7797.451388888889
2026-06-10,7797.819444444444
2026-06-11,7810.631205673759
2026-06-12,7813.277777777777
2026-06-13,7803.986111111111
2026-06-14,7803.270833333333
2026-06-15,7832.743055555556
2026-06-16,7843.256944444444
2026-06-17,7840.0625
2026-06-18,7838.555555555556
2026-06-19,7851.541666666667
2026-06-20,7591.838028169014
2026-06-21,7810.111111111111
2026-06-22,7846.361111111111
2026-06-23,7843.430555555556
2026-06-24,7846.555555555556
2026-06-25,7834.986111111111
2026-06-26,7834.451388888889
2026-06-27,7820.9375
2026-06-28,7800.229166666667
2026-06-29,7830.506944444444
2026-06-30,7833.756944444444
2026-07-01,7826.736111111111
2026-07-02,7788.465277777777
2026-07-03,7815.590277777777
2026-07-04,7795.673611111111
2026-07-05,7792.041666666667
2026-07-06,7822.423611111111
2026-07-07,7783.513888888889
2026-07-08,7812.458333333333
2026-07-09,7803.951388888889
2026-07-10,7796.715277777777
2026-07-11,7780.486111111111
2026-07-12,7771.638888888889
2026-07-13,7793.368055555556
2026-07-14,7800.055555555556
2026-07-15,7797.847222222223
2026-07-16,7803.069444444444
2026-07-17,7792.131944444444
2026-07-18,7782.902777777777
2026-07-19,7777.090277777777
2026-07-20,7795.305555555556
2026-07-21,7796.25
2026-07-22,7794.972222222223
2026-07-23,7783.180555555556
2026-07-24,7781.784722222223
2026-07-25,7775.270833333333
2026-07-26,7782.611111111111
2026-07-27,7770.763888888889
2026-07-28,7764.944444444444
2026-07-29,7783.8125
2026-07-30,7774.923611111111
2026-07-31,7771.131944444444
2026-08-01,7767.854166666667
2026-08-02,7772.895833333333
2026-08-03,7786.590277777777
2026-08-04,7790.131944444444
2026-08-05,7798.756944444444
2026-08-06,7792.465277777777
2026-08-07,7784.416666666667
2026-08-08,7761.347222222223
2026-08-09,7740.375
2026-08-10,7753.49645390071
2026-08-11,7767.868055555556
2026-08-12,7778.736111111111
2026-08-13,7769.201388888889
2026-08-14,7750.416666666667
2026-08-15,7755.256944444444
2026-08-16,7757.5625
2026-08-17,7762.159722222223
2026-08-18,7766.145833333333
2026-08-19,7757.090277777777
2026-08-20,7708.229166666667
2026-08-21,7749.527777777777
2026-08-22,7734.083333333333
2026-08-23,7719.798611111111
2026-08-24,7769.888888888889
2026-08-25,7786.798611111111
2026-08-26,7782.229166666667
2026-08-27,7779.270833333333
2026-08-28,7766.111111111111
2026-08-29,7726.854166666667
2026-08-30,7725.381944444444
2026-08-31,7736.381944444444
2026-09-01,7758.125
2026-09-02,7486.694444444444
2026-09-03,7533.965277777777
2026-09-04,7746.944444444444
2026-09-05,7731.486111111111
2026-09-06,7724.770833333333
2026-09-07,7731.145833333333
2026-09-08,7717.375
2026-09-09,7720.423611111111
2026-09-10,7721.618055555556
2026-09-11,7718.666666666667
2026-09-12,7689.013888888889
2026-09-13,7701.583333333333
2026-09-14,7720.576388888889
2026-09-15,7722.055555555556
2026-09-16,7727.506944444444
2026-09-17,7727.826388888889
2026-09-18,7715.0
2026-09-19,7689.881944444444
2026-09-20,7685.159722222223
2026-09-21,7681.493055555556
2026-09-22,7636.451388888889
2026-09-23,7673.381944444444
2026-09-24,7644.125
2026-09-25,7666.583333333333
2026-09-26,7650.416666666667
2026-09-27,7642.9375
2026-09-28,7670.527777777777
2026-09-29,7680.8125
2026-09-30,7674.458333333333
2026-10-01,7661.423611111111
2026-10-02,7539.402777777777
2026-10-03,7605.340277777777
2026-10-04,7605.458333333333
2026-10-05,7641.75
2026-10-06,7682.104166666667
2026-10-07,7682.277777777777
2026-10-08,7690.361111111111
