2025-02-06,55.22
2025-02-07,54.14
2025-02-10,55.14
2025-02-11,55.07
2025-02-12,55.16
2025-02-13,56.35
2025-02-14,56.68
2025-02-18,57.44
2025-02-19,58.28
2025-02-20,58.46
2025-02-21,57.59
2025-02-24,57.47
2025-02-25,57.55
2025-02-26,57.81
2025-02-27,55.95
2025-02-28,54.67
2025-03-03,54.32
2025-03-04,54.57
2025-03-05,56.049999
2025-03-06,54.94
2025-03-07,55.68
2025-03-10,54.09
2025-03-11,54.69
2025-03-12,55.95
2025-03-13,55.22
2025-03-14,56.14
2025-03-17,57.86
2025-03-18,56.97
2025-03-19,57.24
2025-03-20,56.73
2025-03-21,56.86
2025-03-24,57.31
2025-03-25,57.07
2025-03-26,56.81
2025-03-27,56.49
2025-03-28,54.79
2025-03-31,54.040001
2025-04-01,54.85
2025-04-02,54.63
2025-04-03,53.14
2025-04-04,51.25
2025-04-07,50.78
2025-04-08,48.92
2025-04-09,53.28
2025-04-10,51.82
2025-04-11,54.31
2025-04-14,54.35
2025-04-15,54.38
2025-04-16,54.060001
2025-04-17,54.31
2025-04-21,54.39
2025-04-22,54.81
2025-04-23,55.6
2025-04-24,55.95
2025-04-25,55.81
2025-04-28,55.65
2025-04-29,56.099998
2025-04-30,56.19
2025-05-01,55.6
2025-05-02,57.71
2025-05-05,58.38
2025-05-06,58.5
2025-05-07,57.79
2025-05-08,57.2
2025-05-09,57.69
2025-05-12,58.040001
2025-05-13,58.12
2025-05-14,58.61
2025-05-15,58.8
2025-05-16,58.79
2025-05-19,58.82
2025-05-20,58.4
2025-05-21,59.099998
2025-05-22,58.29
2025-05-23,58.96
2025-05-27,59.98
2025-05-28,60.75
2025-05-29,61.8
2025-05-30,60.63
2025-06-02,61.74
2025-06-03,61.89
2025-06-04,63.98
2025-06-05,65.36
2025-06-06,65.57
2025-06-09,66.48
2025-06-10,66.16
2025-06-11,66.99
2025-06-12,67.69
2025-06-13,66.42
2025-06-16,68.19
2025-06-17,66.63
2025-06-18,67.87
2025-06-20,68.53
2025-06-23,69.42
2025-06-24,72.65
2025-06-25,72.37
2025-06-26,71.94
2025-06-27,70.74
2025-06-30,71.78
2025-07-01,71.64
2025-07-02,71.95
2025-07-03,72.7
2025-07-07,70.07
2025-07-08,72.080002
2025-07-09,72.080002
2025-07-10,73.14
2025-07-11,72.56
2025-07-14,73.2
2025-07-15,73.07
2025-07-16,73.080002
2025-07-17,73.059998
2025-07-18,72.39
2025-07-21,73.87
2025-07-22,72.89
2025-07-23,73.85
2025-07-24,73.31
2025-07-25,73.21
2025-07-28,72.71
2025-07-29,73.49
2025-07-30,73.68
2025-07-31,72.81
2025-08-01,70.65
2025-08-04,72.33
2025-08-05,72.89
2025-08-06,73.18
2025-08-07,73.44
2025-08-08,73.5
2025-08-11,73.029999
2025-08-12,74.099998
2025-08-13,74.72
2025-08-14,73.66
2025-08-15,73.39
2025-08-18,72.8
2025-08-19,71.44
2025-08-20,71.36
2025-08-21,71.22
2025-08-22,73.51
2025-08-25,72.73
2025-08-26,72.39
2025-08-27,72.47
2025-08-28,73.64
2025-08-29,72.24
2025-09-02,71.92
2025-09-03,72.91
2025-09-04,73.07
2025-09-05,73.63
2025-09-08,74.19
2025-09-09,74.92
2025-09-10,76.65
2025-09-11,77.86
2025-09-12,78.66
2025-09-15,79.19
2025-09-16,80.69
2025-09-17,79.83
2025-09-18,80.75
2025-09-19,80.050003
2025-09-22,81.56
2025-09-23,81.45
2025-09-24,80.040001
2025-09-25,79.89
2025-09-26,78.87
2025-09-29,80.24
2025-09-30,80.099998
2025-10-01,81.89
2025-10-02,83.53
2025-10-03,83.85
2025-10-06,84.78
2025-10-07,83.35
2025-10-08,84.19
2025-10-09,83.43
2025-10-10,80.72
2025-10-13,83.62
2025-10-14,82.69
2025-10-15,85.17
2025-10-16,87.88
2025-10-17,88.52
2025-10-20,90.43
2025-10-21,88.64
2025-10-22,89.45
2025-10-23,90.07
2025-10-24,92.050003
2025-10-27,94.31
2025-10-28,94.45
2025-10-29,96.9
2025-10-30,95.26
2025-10-31,97.0
2025-11-03,100.78
2025-11-04,95.76
2025-11-05,96.62
2025-11-06,93.51
2025-11-07,91.8
2025-11-10,95.67
2025-11-11,95.29
2025-11-12,95.92
2025-11-13,94.07
2025-11-14,94.13
2025-11-17,93.019997
2025-11-18,91.59
2025-11-19,90.56
2025-11-20,88.53
2025-11-21,89.22
2025-11-24,90.3
2025-11-25,89.79
2025-11-26,91.55
2025-11-28,90.87
2025-12-01,90.62
2025-12-02,92.07
2025-12-03,93.0
2025-12-04,91.87
2025-12-05,94.3
2025-12-08,95.07
2025-12-09,95.57
2025-12-10,96.75
2025-12-11,94.96
2025-12-12,92.67
2025-12-15,92.73
2025-12-16,89.52
2025-12-17,88.58
2025-12-18,90.07
2025-12-19,91.34
2025-12-22,91.75
2025-12-23,92.7
2025-12-24,94.6
2025-12-26,95.84
2025-12-29,98.72
2025-12-30,98.62
2025-12-31,97.22
2026-01-02,102.22
2026-01-05,104.83
2026-01-06,107.61
2026-01-07,107.029999
2026-01-08,106.59
2026-01-09,108.89
2026-01-12,108.93
2026-01-13,107.54
2026-01-14,109.64
2026-01-15,111.050003
2026-01-16,112.22
2026-01-20,110.97
2026-01-21,115.66
2026-01-22,115.99
2026-01-23,117.97
2026-01-26,117.32
2026-01-27,122.7
2026-01-28,125.56
2026-01-29,124.5
2026-01-30,122.41
2026-02-02,120.93
2026-02-03,124.32
2026-02-04,120.26
2026-02-05,120.21
2026-02-06,124.71
2026-02-09,126.050003
2026-02-10,124.45
2026-02-11,130.60001
2026-02-12,130.8
2026-02-13,133.97
2026-02-17,130.67999
2026-02-18,132.92999
2026-02-19,135.21001
2026-02-20,141.88
2026-02-23,139.3
2026-02-24,144.55
2026-02-25,148.89
2026-02-26,150.41
2026-02-27,151.37
2026-03-02,147.53999
2026-03-03,132.34
2026-03-04,134.37
2026-03-05,125.74
2026-03-06,126.73
2026-03-09,133.89
2026-03-10,130.3
2026-03-11,132.85001
2026-03-12,123.5
2026-03-13,124.15
2026-03-16,133.10001
2026-03-17,134.42999
2026-03-18,131.88
2026-03-19,134.82001
2026-03-20,125.78
2026-03-23,133.81
2026-03-24,128.75
2026-03-25,127.74
2026-03-26,119.99
2026-03-27,120.98
2026-03-30,116.43
2026-03-31,123.010002
2026-04-01,126.22
2026-04-02,122.87
2026-04-06,125.94
2026-04-07,127.19
2026-04-08,140.070007
2026-04-09,139.28999
2026-04-10,138.73
2026-04-13,141.23
2026-04-14,146.67999
2026-04-15,144.92
2026-04-16,147.47
2026-04-17,152.33
2026-04-20,150.089996
2026-04-21,146.78999
2026-04-22,155.8
2026-04-23,150.59
2026-04-24,154.57001
2026-04-27,156.73
2026-04-28,154.37
2026-04-29,153.96001
2026-04-30,160.75999
2026-05-01,162.0
2026-05-04,163.59
2026-05-05,173.47
2026-05-06,181.98
2026-05-07,176.75
2026-05-08,190.2
2026-05-11,192.85001
2026-05-12,178.5
2026-05-13,188.63
2026-05-14,190.52
2026-05-15,178.86
2026-05-18,176.10001
2026-05-19,174.020004
2026-05-20,180.11
2026-05-21,186.42
2026-05-22,182.029999
2026-05-26,200.64999
2026-05-27,198.28999
2026-05-28,206.41
2026-05-29,205.83
2026-06-01,216.7
2026-06-02,214.53
2026-06-03,212.96001
2026-06-04,203.97
2026-06-05,175.19
2026-06-08,185.64
2026-06-09,184.050003
2026-06-10,178.45
2026-06-11,198.94
2026-06-12,197.45
2026-06-15,211.45
2026-06-16,205.91
2026-06-17,205.080002
2026-06-18,219.2
2026-06-22,219.020004
2026-06-23,192.2
2026-06-24,197.25999
2026-06-25,205.0
2026-06-26,197.28
2026-06-29,197.5
2026-06-30,201.89999
2026-07-01,185.5
2026-07-02,180.14
2026-07-06,189.85001
2026-07-07,181.28999
2026-07-08,182.72
2026-07-09,184.75
2026-07-10,183.52
2026-07-13,168.020004
2026-07-14,176.98
2026-07-15,171.64
2026-07-16,163.36
2026-07-17,162.53999
2026-07-20,162.86
2026-07-21,172.89999
2026-07-22,170.42999
2026-07-23,173.86
2026-07-24,162.96001
2026-07-27,161.2
2026-07-28,151.45
2026-07-29,144.21001
2026-07-30,161.21001
2026-07-31,157.10001
2026-08-03,160.24001
2026-08-04,171.14
2026-08-05,169.14
2026-08-06,164.12
2026-08-07,166.089996
2026-08-10,163.12
2026-08-11,167.24001
2026-08-12,175.87
2026-08-13,178.62
2026-08-14,179.74001
2026-08-17,185.10001
2026-08-18,170.050003
2026-08-19,174.42999
2026-08-20,178.16
2026-08-21,178.34
2026-08-24,173.64
2026-08-25,180.14999
2026-08-26,179.17999
2026-08-27,182.14
2026-08-28,180.2
2026-08-31,180.86
2026-09-01,175.8
2026-09-02,178.86
2026-09-03,180.56
2026-09-04,188.87
2026-09-08,189.91
2026-09-09,190.78
2026-09-10,182.78
2026-09-11,188.72
2026-09-14,176.22
2026-09-15,176.49001
2026-09-16,175.53999
2026-09-17,182.39
2026-09-18,181.31
2026-09-21,189.16
2026-09-22,192.62
2026-09-23,185.64999
2026-09-24,182.53
2026-09-25,187.17999
2026-09-28,183.58
2026-09-29,187.10001
2026-09-30,182.78
2026-10-01,186.11
2026-10-02,191.88
2026-10-05,191.46001
2026-10-06,186.39999
2026-10-07,183.69
2026-10-08,176.28999
