2025-12-12,3.0
2025-12-13,1.0
2025-12-14,4.0
2025-12-15,11.0
2025-12-16,3.0
2025-12-17,3.0
2025-12-18,5.0
2025-12-19,2.0
2025-12-20,8.0
2025-12-21,13.0
2025-12-22,4.0
2025-12-23,1.0
2025-12-24,2.0
2025-12-25,5.0
2025-12-26,7.0
2025-12-27,2.0
2025-12-28,7.0
2025-12-29,5.0
2025-12-30,3.0
2025-12-31,3.0
2026-01-01,4.0
2026-01-02,6.0
2026-01-03,3.0
2026-01-04,1.0
2026-01-05,3.0
2026-01-06,2.0
2026-01-07,5.0
2026-01-08,7.0
2026-01-09,3.0
2026-01-10,1.0
2026-01-11,3.0
2026-01-12,1.0
2026-01-13,10.0
2026-01-14,17.0
2026-01-15,15.0
2026-01-16,5.0
2026-01-17,3.0
2026-01-18,5.0
2026-01-19,5.0
2026-01-20,4.0
2026-01-21,10.0
2026-01-22,15.0
2026-01-23,12.0
2026-01-24,13.0
2026-01-25,9.0
2026-01-26,13.0
2026-01-27,5.0
2026-01-28,5.0
2026-01-29,6.0
2026-01-30,16.0
2026-01-31,6.0
2026-02-01,9.0
2026-02-02,15.0
2026-02-03,10.0
2026-02-04,10.0
2026-02-05,9.0
2026-02-06,7.0
2026-02-07,4.0
2026-02-08,13.0
2026-02-09,19.0
2026-02-10,4.0
2026-02-11,9.0
2026-02-12,10.0
2026-02-13,6.0
2026-02-14,3.0
2026-02-15,3.0
2026-02-16,3.0
2026-02-17,12.0
2026-02-18,4.0
2026-02-19,2.0
2026-02-20,2.0
2026-02-21,6.0
2026-02-22,2.0
2026-02-23,16.0
2026-02-24,9.0
2026-02-25,8.0
2026-02-26,3.0
2026-02-27,10.0
2026-02-28,2.0
2026-03-01,5.0
2026-03-02,18.0
2026-03-03,17.0
2026-03-04,3.0
2026-03-05,10.0
2026-03-06,3.0
2026-03-07,8.0
2026-03-08,1.0
2026-03-09,23.0
2026-03-10,5.0
2026-03-11,4.0
2026-03-12,11.0
2026-03-13,16.0
2026-03-14,8.0
2026-03-15,15.0
2026-03-16,10.0
2026-03-17,9.0
2026-03-18,6.0
2026-03-19,17.0
2026-03-20,13.0
2026-03-21,10.0
2026-03-22,1.0
2026-03-23,10.0
2026-03-24,9.0
2026-03-25,12.0
2026-03-26,10.0
2026-03-27,6.0
2026-03-28,10.0
2026-03-29,5.0
2026-03-30,9.0
2026-03-31,7.0
2026-04-01,9.0
2026-04-02,10.0
2026-04-03,11.0
2026-04-04,3.0
2026-04-05,2.0
2026-04-06,1.0
2026-04-07,1.0
2026-04-08,1.0
2026-04-09,0.0
2026-04-10,0.0
2026-04-11,0.0
2026-04-12,1.0
2026-04-13,1.0
2026-04-14,0.0
2026-04-15,2.0
2026-04-16,2.0
2026-04-17,3.0
2026-04-18,1.0
2026-04-19,2.0
2026-04-20,1.0
2026-04-21,1.0
2026-04-22,1.0
2026-04-23,0.0
2026-04-24,1.0
2026-04-25,2.0
2026-04-26,1.0
2026-04-27,0.0
2026-04-28,1.0
2026-04-29,0.0
2026-04-30,1.0
2026-05-01,2.0
2026-05-02,1.0
2026-05-03,1.0
2026-05-04,0.0
2026-05-05,0.0
2026-05-06,1.0
2026-05-07,2.0
2026-05-08,2.0
2026-05-09,1.0
2026-05-10,3.0
2026-05-11,0.0
2026-05-12,0.0
2026-05-13,0.0
2026-05-14,1.0
2026-05-15,1.0
2026-05-16,3.0
2026-05-17,1.0
2026-05-18,2.0
2026-05-19,0.0
2026-05-20,0.0
2026-05-21,2.0
2026-05-22,1.0
2026-05-23,2.0
2026-05-24,3.0
2026-05-25,7.0
2026-05-26,4.0
2026-05-27,2.0
2026-05-28,1.0
2026-05-29,0.0
2026-05-30,0.0
2026-05-31,0.0
2026-06-01,1.0
2026-06-02,0.0
2026-06-03,4.0
2026-06-04,3.0
2026-06-05,0.0
2026-06-06,0.0
2026-06-07,3.0
2026-06-08,0.0
2026-06-09,1.0
2026-06-10,0.0
2026-06-11,0.0
2026-06-12,1.0
2026-06-13,0.0
2026-06-14,0.0
2026-06-15,1.0
2026-06-16,0.0
2026-06-17,0.0
2026-06-18,1.0
2026-06-19,0.0
2026-06-20,0.0
2026-06-21,1.0
2026-06-22,0.0
2026-06-23,0.0
2026-06-24,0.0
2026-06-25,0.0
2026-06-26,1.0
2026-06-27,1.0
2026-06-28,0.0
2026-06-29,0.0
2026-06-30,0.0
2026-07-01,0.0
2026-07-02,2.0
2026-07-03,1.0
2026-07-04,1.0
2026-07-05,0.0
2026-07-06,2.0
2026-07-07,0.0
2026-07-08,1.0
2026-07-09,0.0
2026-07-10,0.0
2026-07-11,0.0
2026-07-12,0.0
2026-07-13,0.0
2026-07-14,1.0
2026-07-15,0.0
2026-07-16,1.0
2026-07-17,0.0
2026-07-18,0.0
2026-07-19,0.0
2026-07-20,0.0
2026-07-21,1.0
2026-07-22,0.0
2026-07-23,0.0
2026-07-24,1.0
2026-07-25,0.0
2026-07-26,1.0
2026-07-27,0.0
2026-07-28,0.0
2026-07-29,0.0
2026-07-30,0.0
2026-07-31,0.0
2026-08-01,1.0
2026-08-02,0.0
2026-08-03,0.0
2026-08-04,0.0
2026-08-05,0.0
2026-08-06,1.0
2026-08-07,0.0
2026-08-08,0.0
2026-08-09,0.0
2026-08-10,0.0
2026-08-11,0.0
2026-08-12,0.0
2026-08-13,0.0
2026-08-14,0.0
2026-08-15,0.0
2026-08-16,0.0
2026-08-17,1.0
2026-08-18,0.0
2026-08-19,0.0
2026-08-20,0.0
2026-08-21,0.0
2026-08-22,1.0
2026-08-23,0.0
2026-08-24,0.0
2026-08-25,0.0
2026-08-26,0.0
2026-08-27,0.0
2026-08-28,0.0
2026-08-29,0.0
2026-08-30,0.0
2026-08-31,0.0
2026-09-01,1.0
2026-09-02,0.0
2026-09-03,1.0
2026-09-04,0.0
2026-09-05,0.0
2026-09-06,1.0
2026-09-07,0.0
2026-09-08,1.0
2026-09-09,0.0
2026-09-10,0.0
2026-09-11,3.0
2026-09-12,0.0
2026-09-13,1.0
2026-09-14,0.0
2026-09-15,2.0
2026-09-16,1.0
2026-09-17,0.0
2026-09-18,0.0
2026-09-19,0.0
2026-09-20,0.0
2026-09-21,1.0
2026-09-22,1.0
2026-09-23,0.0
2026-09-24,0.0
2026-09-25,1.0
2026-09-26,0.0
2026-09-27,0.0
2026-09-28,1.0
2026-09-29,0.0
2026-09-30,0.0
2026-10-01,0.0
2026-10-02,0.0
