2025-12-12,7.0
2025-12-13,7.0
2025-12-14,11.0
2025-12-15,11.0
2025-12-16,13.0
2025-12-17,12.0
2025-12-18,10.0
2025-12-19,4.0
2025-12-20,17.0
2025-12-21,11.0
2025-12-22,19.0
2025-12-23,19.0
2025-12-24,13.0
2025-12-25,10.0
2025-12-26,11.0
2025-12-27,12.0
2025-12-28,8.0
2025-12-29,3.0
2025-12-30,21.0
2025-12-31,13.0
2026-01-01,8.0
2026-01-02,10.0
2026-01-03,11.0
2026-01-04,7.0
2026-01-05,10.0
2026-01-06,24.0
2026-01-07,12.0
2026-01-08,17.0
2026-01-09,6.0
2026-01-10,12.0
2026-01-11,17.0
2026-01-12,6.0
2026-01-13,0.0
2026-01-14,3.0
2026-01-15,20.0
2026-01-16,17.0
2026-01-17,7.0
2026-01-18,14.0
2026-01-19,11.0
2026-01-20,22.0
2026-01-21,8.0
2026-01-22,3.0
2026-01-23,18.0
2026-01-24,13.0
2026-01-25,15.0
2026-01-26,13.0
2026-01-27,17.0
2026-01-28,13.0
2026-01-29,13.0
2026-01-30,5.0
2026-01-31,10.0
2026-02-01,16.0
2026-02-02,18.0
2026-02-03,9.0
2026-02-04,13.0
2026-02-05,16.0
2026-02-06,12.0
2026-02-07,9.0
2026-02-08,10.0
2026-02-09,15.0
2026-02-10,16.0
2026-02-11,17.0
2026-02-12,10.0
2026-02-13,15.0
2026-02-14,6.0
2026-02-15,14.0
2026-02-16,8.0
2026-02-17,16.0
2026-02-18,9.0
2026-02-19,10.0
2026-02-20,10.0
2026-02-21,12.0
2026-02-22,15.0
2026-02-23,14.0
2026-02-24,15.0
2026-02-25,11.0
2026-02-26,6.0
2026-02-27,3.0
2026-02-28,5.0
2026-03-01,7.0
2026-03-02,15.0
2026-03-03,12.0
2026-03-04,7.0
2026-03-05,12.0
2026-03-06,9.0
2026-03-07,9.0
2026-03-08,7.0
2026-03-09,11.0
2026-03-10,8.0
2026-03-11,7.0
2026-03-12,13.0
2026-03-13,10.0
2026-03-14,5.0
2026-03-15,12.0
2026-03-16,10.0
2026-03-17,12.0
2026-03-18,10.0
2026-03-19,8.0
2026-03-20,4.0
2026-03-21,13.0
2026-03-22,10.0
2026-03-23,10.0
2026-03-24,7.0
2026-03-25,8.0
2026-03-26,2.0
2026-03-27,7.0
2026-03-28,5.0
2026-03-29,12.0
2026-03-30,11.0
2026-03-31,12.0
2026-04-01,7.0
2026-04-02,8.0
2026-04-03,8.0
2026-04-04,3.0
2026-04-05,8.0
2026-04-06,12.0
2026-04-07,3.0
2026-04-08,14.0
2026-04-09,11.0
2026-04-10,3.0
2026-04-11,11.0
2026-04-12,11.0
2026-04-13,11.0
2026-04-14,11.0
2026-04-15,13.0
2026-04-16,11.0
2026-04-17,6.0
2026-04-18,14.0
2026-04-19,13.0
2026-04-20,14.0
2026-04-21,8.0
2026-04-22,9.0
2026-04-23,8.0
2026-04-24,9.0
2026-04-25,7.0
2026-04-26,9.0
2026-04-27,16.0
2026-04-28,16.0
2026-04-29,6.0
2026-04-30,14.0
2026-05-01,10.0
2026-05-02,12.0
2026-05-03,2.0
2026-05-04,8.0
2026-05-05,10.0
2026-05-06,13.0
2026-05-07,11.0
2026-05-08,11.0
2026-05-09,13.0
2026-05-10,12.0
2026-05-11,15.0
2026-05-12,16.0
2026-05-13,11.0
2026-05-14,13.0
2026-05-15,11.0
2026-05-16,12.0
2026-05-17,12.0
2026-05-18,15.0
2026-05-19,15.0
2026-05-20,14.0
2026-05-21,2.0
2026-05-22,6.0
2026-05-23,9.0
2026-05-24,12.0
2026-05-25,12.0
2026-05-26,9.0
2026-05-27,10.0
2026-05-28,20.0
2026-05-29,11.0
2026-05-30,9.0
2026-05-31,15.0
2026-06-01,15.0
2026-06-02,15.0
2026-06-03,13.0
2026-06-04,10.0
2026-06-05,10.0
2026-06-06,8.0
2026-06-07,12.0
2026-06-08,14.0
2026-06-09,20.0
2026-06-10,9.0
2026-06-11,13.0
2026-06-12,10.0
2026-06-13,9.0
2026-06-14,14.0
2026-06-15,14.0
2026-06-16,17.0
2026-06-17,15.0
2026-06-18,12.0
2026-06-19,9.0
2026-06-20,12.0
2026-06-21,8.0
2026-06-22,12.0
2026-06-23,13.0
2026-06-24,11.0
2026-06-25,9.0
2026-06-26,10.0
2026-06-27,11.0
2026-06-28,9.0
2026-06-29,14.0
2026-06-30,13.0
2026-07-01,13.0
2026-07-02,11.0
2026-07-03,4.0
2026-07-04,16.0
2026-07-05,7.0
2026-07-06,16.0
2026-07-07,12.0
2026-07-08,15.0
2026-07-09,13.0
2026-07-10,8.0
2026-07-11,9.0
2026-07-12,15.0
2026-07-13,13.0
2026-07-14,14.0
2026-07-15,16.0
2026-07-16,17.0
2026-07-17,4.0
2026-07-18,9.0
2026-07-19,10.0
2026-07-20,19.0
2026-07-21,10.0
2026-07-22,18.0
2026-07-23,11.0
2026-07-24,14.0
2026-07-25,5.0
2026-07-26,10.0
2026-07-27,18.0
2026-07-28,10.0
2026-07-29,7.0
2026-07-30,12.0
2026-07-31,10.0
2026-08-01,13.0
2026-08-02,10.0
2026-08-03,13.0
2026-08-04,15.0
2026-08-05,17.0
2026-08-06,13.0
2026-08-07,8.0
2026-08-08,9.0
2026-08-09,24.0
2026-08-10,13.0
2026-08-11,15.0
2026-08-12,15.0
2026-08-13,14.0
2026-08-14,7.0
2026-08-15,11.0
2026-08-16,12.0
2026-08-17,14.0
2026-08-18,18.0
2026-08-19,12.0
2026-08-20,14.0
2026-08-21,9.0
2026-08-22,20.0
2026-08-23,12.0
2026-08-24,18.0
2026-08-25,13.0
2026-08-26,9.0
2026-08-27,15.0
2026-08-28,8.0
2026-08-29,7.0
2026-08-30,10.0
2026-08-31,16.0
2026-09-01,12.0
2026-09-02,12.0
2026-09-03,13.0
2026-09-04,5.0
2026-09-05,14.0
2026-09-06,10.0
2026-09-07,14.0
2026-09-08,10.0
2026-09-09,16.0
2026-09-10,11.0
2026-09-11,7.0
2026-09-12,7.0
2026-09-13,12.0
2026-09-14,13.0
2026-09-15,11.0
2026-09-16,17.0
2026-09-17,12.0
2026-09-18,7.0
2026-09-19,13.0
2026-09-20,1.0
2026-09-21,11.0
2026-09-22,21.0
2026-09-23,11.0
2026-09-24,13.0
2026-09-25,4.0
2026-09-26,9.0
2026-09-27,12.0
2026-09-28,10.0
2026-09-29,13.0
2026-09-30,11.0
2026-10-01,13.0
2026-10-02,6.0
