2026-03-20,146.8025
2026-03-21,102.67052083333334
2026-03-22,82.71510416666666
2026-03-23,132.45010416666668
2026-03-24,84.56916666666667
2026-03-25,57.90229166666666
2026-03-26,112.71864583333333
2026-03-27,107.62447916666667
2026-03-28,89.5421875
2026-03-29,96.30052083333334
2026-03-30,108.97739583333333
2026-03-31,131.33572916666665
2026-04-01,129.698125
2026-04-02,103.9428125
2026-04-03,96.84395833333333
2026-04-04,56.15927083333333
2026-04-05,-9.71125
2026-04-06,4.3144791666666675
2026-04-07,86.1715625
2026-04-08,100.14708333333334
2026-04-09,90.0928125
2026-04-10,124.75479166666666
2026-04-11,85.33385416666665
2026-04-12,80.30916666666667
2026-04-13,102.75854166666666
2026-04-14,133.39395833333333
2026-04-15,121.27333333333333
2026-04-16,117.55104166666666
2026-04-17,95.16395833333333
2026-04-18,78.51666666666667
2026-04-19,92.08552083333332
2026-04-20,110.69447916666667
2026-04-21,79.58927083333333
2026-04-22,79.1415625
2026-04-23,66.75520833333333
2026-04-24,98.8178125
2026-04-25,15.614062500000001
2026-04-26,4.043125000000001
2026-04-27,96.17750000000001
2026-04-28,79.89093749999999
2026-04-29,82.90677083333334
2026-04-30,86.22083333333335
2026-05-01,12.515208333333334
2026-05-02,62.006458333333335
2026-05-03,68.1184375
2026-05-04,118.73614583333334
2026-05-05,121.68895833333333
2026-05-06,116.40750000000001
2026-05-07,136.29989583333335
2026-05-08,122.44052083333334
2026-05-09,113.00760416666667
2026-05-10,78.08708333333333
2026-05-11,117.7065625
2026-05-12,103.871875
2026-05-13,116.99416666666667
2026-05-14,103.26916666666666
2026-05-15,126.73864583333334
2026-05-16,110.651875
2026-05-17,96.25937499999999
2026-05-18,142.73166666666665
2026-05-19,132.24916666666667
2026-05-20,110.50197916666667
2026-05-21,107.77635416666668
2026-05-22,105.95916666666666
2026-05-23,96.08552083333335
2026-05-24,67.06395833333333
2026-05-25,89.17510416666666
2026-05-26,91.38406250000001
2026-05-27,81.51
2026-05-28,119.97333333333334
2026-05-29,100.84739583333334
2026-05-30,98.561875
2026-05-31,91.35312499999999
2026-06-01,155.8584375
2026-06-02,120.35010416666667
2026-06-03,114.46083333333333
2026-06-04,72.95635416666667
2026-06-05,126.471875
2026-06-06,83.71385416666666
2026-06-07,66.51791666666666
2026-06-08,117.18374999999999
2026-06-09,119.2296875
2026-06-10,135.12947916666667
2026-06-11,119.39427083333334
2026-06-12,109.29489583333333
2026-06-13,65.05322916666667
2026-06-14,37.708437499999995
2026-06-15,79.51333333333334
2026-06-16,107.71666666666665
2026-06-17,116.28520833333333
2026-06-18,145.83614583333335
2026-06-19,111.88427083333333
2026-06-20,99.45916666666666
2026-06-21,84.11739583333333
2026-06-22,125.2390625
2026-06-23,170.81197916666667
2026-06-24,176.34916666666666
2026-06-25,137.51895833333333
2026-06-26,133.1846875
2026-06-27,105.17875
2026-06-28,87.56927083333333
2026-06-29,146.2059375
2026-06-30,163.21489583333332
2026-07-01,143.49770833333335
2026-07-02,80.40989583333334
2026-07-03,58.195
2026-07-04,68.44
2026-07-05,67.29479166666667
2026-07-06,115.36833333333334
2026-07-07,113.03041666666667
2026-07-08,79.70739583333334
2026-07-09,123.46218750000001
2026-07-10,125.48864583333334
2026-07-11,99.20708333333333
2026-07-12,95.64364583333334
2026-07-13,131.02406249999999
2026-07-14,129.76635416666667
2026-07-15,143.33322916666665
2026-07-16,158.38989583333333
2026-07-17,141.44541666666666
2026-07-18,103.80572916666667
2026-07-19,89.4878125
2026-07-20,113.43583333333333
2026-07-21,119.56906249999999
2026-07-22,110.58760416666667
2026-07-23,130.76000000000002
2026-07-24,133.0778125
2026-07-25,99.26520833333335
2026-07-26,86.74677083333334
2026-07-27,95.66104166666666
2026-07-28,112.23062499999999
2026-07-29,127.11989583333333
2026-07-30,128.48708333333335
2026-07-31,153.3759375
2026-08-01,143.37177083333333
2026-08-02,103.67916666666667
2026-08-03,138.54322916666666
2026-08-04,151.22572916666667
2026-08-05,164.8671875
2026-08-06,180.15593750000002
2026-08-07,131.22791666666666
2026-08-08,110.0028125
2026-08-09,93.02114583333334
2026-08-10,150.3634375
2026-08-11,113.4065625
2026-08-12,142.03260416666666
2026-08-13,153.1665625
2026-08-14,139.96447916666668
2026-08-15,111.55333333333334
2026-08-16,138.83906249999998
2026-08-17,170.33260416666667
2026-08-18,151.80885416666666
2026-08-19,157.0471875
2026-08-20,146.77812500000002
2026-08-21,159.27135416666667
2026-08-22,93.48010416666666
2026-08-23,72.05760416666666
2026-08-24,149.91208333333333
2026-08-25,139.28291666666667
2026-08-26,143.63541666666666
2026-08-27,109.8028125
2026-08-28,117.92895833333334
2026-08-29,121.12416666666667
2026-08-30,96.25833333333333
2026-08-31,170.47291666666666
2026-09-01,142.47697916666667
2026-09-02,167.084375
2026-09-03,159.01708333333332
2026-09-04,133.56197916666667
2026-09-05,65.47583333333334
2026-09-06,101.4253125
2026-09-07,163.70927083333333
2026-09-08,149.33135416666667
2026-09-09,165.58114583333335
2026-09-10,160.6171875
2026-09-11,201.66072916666667
2026-09-12,160.80666666666667
2026-09-13,158.204375
2026-09-14,251.65552083333333
2026-09-15,176.1971875
2026-09-16,161.63645833333334
2026-09-17,168.59322916666667
2026-09-18,139.55239583333335
2026-09-19,108.79083333333334
2026-09-20,76.48510416666666
2026-09-21,107.985
2026-09-22,173.7385416666667
2026-09-23,173.10208333333333
2026-09-24,180.68427083333333
2026-09-25,194.09031249999998
2026-09-26,146.94489583333333
2026-09-27,105.42614583333334
2026-09-28,139.17635416666667
2026-09-29,141.391875
2026-09-30,123.37677083333334
2026-10-01,148.94322916666667
2026-10-02,166.14302083333334
2026-10-03,154.87437500000001
2026-10-04,142.8140625
2026-10-05,144.233125
2026-10-06,168.08770833333332
