2018-01,77.0
2018-02,42.0
2018-03,82.0
2018-04,36.0
2018-05,51.0
2018-06,50.0
2018-07,30.0
2018-08,27.0
2018-09,41.0
2018-10,52.0
2018-11,26.0
2018-12,29.0
2019-01,91.0
2019-02,31.0
2019-03,20.0
2019-04,35.0
2019-05,26.0
2019-06,22.0
2019-07,17.0
2019-08,26.0
2019-09,26.0
2019-10,7.0
2019-11,6.0
2019-12,8.0
2020-01,8.0
2020-02,11.0
2020-03,10.0
2020-04,7.0
2020-05,16.0
2020-06,14.0
2020-07,29.0
2020-08,24.0
2020-09,37.0
2020-10,12.0
2020-11,7.0
2020-12,17.0
2021-01,35.0
2021-02,19.0
2021-03,27.0
2021-04,14.0
2021-05,17.0
2021-06,26.0
2021-07,29.0
2021-08,11.0
2021-09,28.0
2021-10,16.0
2021-11,16.0
2021-12,14.0
2022-01,53.0
2022-02,70.0
2022-03,25.0
2022-04,37.0
2022-05,26.0
2022-06,10.0
2022-07,30.0
2022-08,16.0
2022-09,19.0
2022-10,11.0
2022-11,2.0
2022-12,14.0
2023-01,34.0
2023-02,17.0
2023-03,36.0
2023-04,25.0
2023-05,44.0
2023-06,21.0
2023-07,24.0
2023-08,43.0
2023-09,66.0
2023-10,50.0
2023-11,34.0
2023-12,15.0
2024-01,109.0
2024-02,36.0
2024-03,40.0
2024-04,25.0
2024-05,40.0
2024-06,15.0
2024-07,20.0
2024-08,57.0
2024-09,33.0
2024-10,68.0
2024-11,86.0
2024-12,49.0
2025-01,191.0
2025-02,31.0
2025-03,75.0
2025-04,74.0
2025-05,66.0
2025-06,68.0
2025-07,45.0
2025-08,72.0
2025-09,86.0
2025-10,30.0
2025-11,59.0
2025-12,54.0
2026-04,1.0
2026-07,5.0
2026-08,240.0
