2026-07-31,1.0
2026-08-01,0.0
2026-08-02,0.0
2026-08-03,0.0
2026-08-04,0.0
2026-08-05,2.0
2026-08-06,2.0
2026-08-07,2.0
2026-08-08,2.0
2026-08-09,2.0
2026-08-10,2.0
2026-08-11,3.0
2026-08-12,3.0
2026-08-13,3.0
2026-08-14,3.0
2026-08-15,3.0
2026-08-16,3.0
2026-08-17,4.0
2026-08-18,5.0
2026-08-19,5.0
2026-08-20,6.0
2026-08-21,6.0
2026-08-22,6.0
2026-08-23,6.0
2026-08-24,6.0
2026-08-25,6.0
2026-08-26,6.0
2026-08-27,6.0
2026-08-28,6.0
2026-08-29,6.0
2026-08-30,6.0
2026-08-31,6.0
2026-09-01,6.0
2026-09-02,6.0
2026-09-03,6.0
2026-09-04,6.0
2026-09-05,4.0
2026-09-06,4.0
2026-09-07,4.0
2026-09-08,4.0
2026-09-09,4.0
2026-09-10,5.0
2026-09-11,4.0
2026-09-12,4.0
2026-09-13,4.0
2026-09-14,4.0
2026-09-15,4.0
2026-09-16,4.0
2026-09-17,4.0
2026-09-18,3.0
2026-09-19,3.0
2026-09-20,2.0
2026-09-21,2.0
2026-09-22,2.0
2026-09-23,2.0
2026-09-24,2.0
2026-09-25,2.0
2026-09-26,2.0
2026-09-27,2.0
2026-09-28,2.0
2026-09-29,2.0
2026-09-30,2.0
2026-10-01,2.0
2026-10-02,2.0
2026-10-03,2.0
2026-10-04,3.0
2026-10-05,3.0
2026-10-06,3.0
2026-10-07,3.0
2026-10-08,3.0
