"UKMTO 78: Suspicious Activity, Tanker near Gulf of Aden 2026-07-01",2026-07-01,12.6,48.233333333333334
"UKMTO 104: Attack, Cargo Merchant near Strait of Hormuz 2026-08-03",2026-08-03,26.416666666666668,56.53333333333333
"UKMTO 105: Attack, Other near Bab el Mandeb 2026-08-05",2026-08-05,13.2,43.13333333333333
"UKMTO 106: Attack, Tanker near Gulf of Aden 2026-08-05",2026-08-05,11.716666666666667,46.166666666666664
"UKMTO 107: Advisory, Merchant TANKER near Strait of Hormuz 2026-08-05",2026-08-05,26.25,56.55
"UKMTO 108: Attack, Other NA near Strait of Hormuz 2026-08-08",2026-08-08,26.09611111111111,56.64666666666667
"UKMTO 109: Advisory, Cargo MERCHANT near Gulf of Oman 2026-08-11",2026-08-11,23.85,61.81666666666667
"UKMTO 110: Attack, Cargo MERCHANT near Southern Red Sea 2026-08-11",2026-08-11,13.0,43.2
"UKMTO 111: Attack, Tanker near Strait of Hormuz 2026-08-14",2026-08-14,26.5,56.45
"UKMTO 112: Attack, Tanker near Strait of Hormuz 2026-08-14",2026-08-14,26.5,56.45
"UKMTO 113: Attack, Cargo near Strait of Hormuz 2026-08-14",2026-08-14,26.479444444444443,56.458888888888886
"UKMTO 114: Hijack, Cargo near Somali Basin 2026-08-17",2026-08-17,8.233333333333333,50.18333333333333
"UKMTO 115: Attack, Cargo near Strait of Hormuz 2026-08-18",2026-08-18,26.333333333333332,56.6
"UKMTO 116: Attack, Cargo near Strait of Hormuz 2026-08-18",2026-08-18,26.55,56.733333333333334
"UKMTO 117: Attack, Other MERCHANT near Bab el Mandeb 2026-08-18",2026-08-18,12.65,43.45
"UKMTO 118: Hijack, Tanker MERCHANT near Gulf of Aden 2026-08-20",2026-08-20,14.683333333333334,51.45
"UKMTO 119: Attack, Other near Northern Red Sea 2026-08-24",2026-08-24,23.9,36.916666666666664
"UKMTO 120: Attack, Tanker OIL TANKER near Strait of Hormuz 2026-08-24",2026-08-24,26.316666666666666,56.56666666666667
"UKMTO 121: Attack, Tanker near Strait of Hormuz 2026-08-27",2026-08-27,26.383333333333333,56.5
"UKMTO 122: Attack, Tanker Merchant near Strait of Hormuz 2026-08-29",2026-08-29,26.366666666666667,56.333333333333336
"UKMTO 123: Advisory, Tanker MERCHANT near Indian Ocean Basin 2026-08-31",2026-08-31,22.566666666666666,60.9
"UKMTO 124: Attack, Tanker MERCHANT near Strait of Hormuz 2026-08-31",2026-08-31,26.2,56.55
"UKMTO 126: Attack, Tanker near Strait of Hormuz 2026-09-02",2026-09-02,26.416666666666668,56.5125
"UKMTO 127: Advisory, Tanker - near UKMTO VRA 2026-09-05",2026-09-05,24.93861111111111,57.45305555555556
"UKMTO 128: Advisory, Tanker - near Strait of Hormuz 2026-09-08",2026-09-08,25.6725,56.919444444444444
"UKMTO 129: Advisory, Merchant Merchant near UKMTO VRA 2026-09-09",2026-09-09,26.517222222222223,56.57
"UKMTO 130: Attack, Tanker tanker near Southern Arabian Gulf 2026-09-09",2026-09-09,25.5,54.916666666666664
"UKMTO 131: Attack, Tanker TANKER near Northern Red Sea 2026-09-09",2026-09-09,29.583333333333332,48.75
"UKMTO 132: Suspicious Activity, Cargo General cargo near Gulf of Aden 2026-09-10",2026-09-10,13.4,47.96666666666667
"UKMTO 133: Attack, Merchant Merchant Vessel near Strait of Hormuz 2026-09-10",2026-09-10,26.261666666666667,56.185
"UKMTO 134: Attack, Tanker VESSEL near Strait of Hormuz 2026-09-12",2026-09-12,26.383333333333333,56.53333333333333
"UKMTO 135: Attack, Other - near Strait of Hormuz 2026-09-15",2026-09-15,26.633055555555554,56.38666666666666
"UKMTO 136: Suspicious Activity, Tanker MERCHANT near Gulf of Aden 2026-09-17",2026-09-17,13.116666666666667,46.3
"UKMTO 137: Attack, Tanker NONE near Strait of Hormuz 2026-09-17",2026-09-17,26.433055555555555,56.4
"UKMTO 138: Attack, Tanker tanker near Strait of Hormuz 2026-09-18",2026-09-18,26.366666666666667,56.3
"UKMTO 139: Attack, Tanker tanker near Strait of Hormuz 2026-09-18",2026-09-18,26.366666666666667,56.3
"UKMTO 140: Attack, Tanker near Strait of Hormuz 2026-09-21",2026-09-21,26.416666666666668,56.46666666666667
"UKMTO 141: Attack, Tanker near Strait of Hormuz 2026-09-21",2026-09-21,26.4,56.5
"UKMTO 142: Attack, Cargo NO near Strait of Hormuz 2026-09-23",2026-09-23,26.5925,56.38805555555555
"UKMTO 143: Suspicious Activity, Tanker vessel near Strait of Hormuz 2026-09-28",2026-09-28,26.433333333333334,56.486111111111114
"UKMTO 144: Attack, Tanker near Strait of Hormuz 2026-09-30",2026-09-30,26.4,56.516666666666666
"UKMTO 145: Attack, Tanker near Strait of Hormuz 2026-09-30",2026-09-30,26.4,56.516666666666666
"UKMTO 146: Attack, Tanker near Strait of Hormuz 2026-09-30",2026-09-30,26.4,56.516666666666666
"UKMTO 147: Attack, Tanker Tanker near Strait of Hormuz 2026-10-01",2026-10-01,26.383333333333333,56.416666666666664
"UKMTO 148: Attack, Tanker near Strait of Hormuz 2026-10-02",2026-10-02,26.392777777777777,56.19027777777778
"UKMTO 149: Attack, Tanker near Strait of Hormuz 2026-10-02",2026-10-02,26.216666666666665,56.56666666666667
"UKMTO 155: Attack, Tanker MERCHANT near Strait of Hormuz 2026-10-03",2026-10-03,26.4125,56.51833333333333
"UKMTO 150: Attack, Tanker near Strait of Hormuz 2026-10-04",2026-10-04,26.636388888888888,56.46666666666667
"UKMTO 151: Suspicious Activity, Tanker near Bab el Mandeb 2026-10-04",2026-10-04,12.45,43.71666666666667
"UKMTO 153: Attack, Tanker MERCHANT near Strait of Hormuz 2026-10-04",2026-10-04,26.4125,56.51833333333333
"UKMTO 154: Attack, Tanker MERCHANT near Strait of Hormuz 2026-10-04",2026-10-04,26.4125,56.51833333333333
"UKMTO 152: Suspicious Activity, Tanker Merchant near Strait of Hormuz 2026-10-05",2026-10-05,26.383333333333333,56.31666666666667
"UKMTO 156: Attack, Tanker - near Strait of Hormuz 2026-10-05",2026-10-05,26.433333333333334,56.53333333333333
"UKMTO 157: Attack, Tanker MERCHANT near Strait of Hormuz 2026-10-05",2026-10-05,26.4125,56.51833333333333
"UKMTO 159: Attack, Tanker TKR near Strait of Hormuz 2026-10-06",2026-10-06,26.416666666666668,56.416666666666664
"UKMTO 158: Attack, Tanker MERCHANT near Central Arabian Gulf 2026-10-07",2026-10-07,26.963055555555556,51.47361111111111
"UKMTO 160: Attack, Tanker near Southern Arabian Gulf 2026-10-09",2026-10-09,25.783333333333335,55.56666666666667
