2020-01,123927055.96
2020-02,245174154.23
2020-03,470744742.88
2020-04,539976628.85
2020-05,276400471.53
2020-06,343672622.93
2020-07,364112021.48
2020-08,616052439.0
2020-09,909056539.02
2020-10,100357305.57
2020-11,112155038.77
2020-12,266788040.59
2021-01,90699313.26
2021-02,213980646.28
2021-03,284620092.32
2021-04,466734549.07
2021-05,322986143.33
2021-06,347167205.64
2021-07,371982888.82
2021-08,408379002.88
2021-09,641874637.4
2021-10,45826026.27
2021-11,100427347.33
2021-12,170189638.94
2022-01,180541947.62
2022-02,262535195.64
2022-03,314833493.32
2022-04,294393539.5
2022-05,410317073.32
2022-06,513724476.19
2022-07,392010805.7
2022-08,660233672.67
2022-09,1042991702.05
2022-10,81677552.18
2022-11,125599899.26
2022-12,366104106.43
2023-01,225885139.32
2023-02,320784767.93
2023-03,696064374.14
2023-04,613803878.99
2023-05,492534183.41
2023-06,585329261.2
2023-07,642455239.89
2023-08,715850349.47
2023-09,1336259379.19
2023-10,88631770.36
2023-11,259716493.72
2023-12,204820318.31
2024-01,214058236.77
2024-02,263432331.64
2024-03,431820695.99
2024-04,365599908.14
2024-05,417792576.08
2024-06,615671919.2
2024-07,934644402.25
2024-08,1084076916.44
2024-09,1975328445.52
2024-10,160064835.99
2024-11,264388667.85
2024-12,556749071.26
2025-01,508569242.37
2025-02,356704754.63
2025-03,557516958.72
2025-04,520187393.99
2025-05,698978550.99
2025-06,457152990.57
2025-07,519660300.04
2025-08,1118956029.21
2025-09,2412521762.91
2025-10,227143061.12
2025-11,225404600.88
2025-12,327787897.1
2026-01,469290953.33
2026-02,441030284.26
2026-03,910997648.28
2026-04,944530887.51
2026-05,1144042408.89
2026-06,1357970431.75
2026-07,270562446.55
2026-08,8056858.14
2026-09,19696856.75
2026-10,1935.22
