2020-01,605509875.21
2020-02,1755644907.66
2020-03,6129272345.76
2020-04,4137917885.45
2020-05,3094306144.97
2020-06,945752648.96
2020-07,1134749768.89
2020-08,417875024.89
2020-09,704247328.48
2020-10,223524500.05
2020-11,770414819.07
2020-12,1143308400.04
2021-01,611244916.42
2021-02,1921862472.43
2021-03,4023950144.9
2021-04,1446045774.44
2021-05,341486906.4
2021-06,1081463130.97
2021-07,1258708171.65
2021-08,354691691.24
2021-09,1493322352.6
2021-10,255044807.2
2021-11,580882572.64
2021-12,2174378119.21
2022-01,206493989.66
2022-02,819865385.87
2022-03,3046965682.33
2022-04,1691927230.93
2022-05,2458613564.26
2022-06,1398294359.03
2022-07,416822852.83
2022-08,1815759211.72
2022-09,1139665038.09
2022-10,1430993164.45
2022-11,1244079302.41
2022-12,1275056596.55
2023-01,353888096.43
2023-02,676452726.09
2023-03,3698982995.6
2023-04,4473333857.17
2023-05,1915242741.5
2023-06,1943854377.32
2023-07,870001262.85
2023-08,1407516968.35
2023-09,855092007.68
2023-10,304685260.05
2023-11,1357975162.19
2023-12,1033499393.85
2024-01,398285954.79
2024-02,228298760.89
2024-03,1041770844.14
2024-04,918560754.93
2024-05,812576087.85
2024-06,2736334694.94
2024-07,2480807022.24
2024-08,941230063.36
2024-09,9323414596.81
2024-10,635704510.49
2024-11,1799185460.56
2024-12,1690018167.8
2025-01,1193853096.23
2025-02,518006933.92
2025-03,3320328083.59
2025-04,771575816.11
2025-05,1632251495.99
2025-06,2568593366.47
2025-07,3735239802.7
2025-08,4619380535.53
2025-09,7650542454.51
2025-10,488865058.49
2025-11,1253127002.47
2025-12,2090104874.95
2026-01,976856378.24
2026-02,1116392421.52
2026-03,8495695545.8
2026-04,9165270442.28
2026-05,2575706572.45
2026-06,3189998205.43
2026-07,208786630.28
2026-08,0.0
2026-09,0.0
2026-10,0.0
