2015-01-01,338.781
2015-02-01,501.02
2015-03-01,570.342
2015-04-01,0
2015-05-01,0
2015-06-01,0
2015-07-01,0
2015-08-01,0
2015-09-01,0
2015-10-01,0
2015-11-01,0
2015-12-01,0
2016-01-01,0
2016-02-01,0
2016-03-01,0
2016-04-01,0
2016-05-01,50.197
2016-06-01,24.45
2016-07-01,22.412
2016-08-01,19.016
2016-09-01,23.962
2016-10-01,23.962
2016-11-01,0
2016-12-01,0
2017-01-01,0
2017-02-01,0
2017-03-01,0
2017-04-01,17.682
2017-05-01,17.637
2017-06-01,17.637
2017-07-01,8.829
2017-08-01,8.822
2017-09-01,17.953
2017-10-01,0
2017-11-01,0
2017-12-01,0
2018-01-01,0
2018-02-01,4.402
2018-03-01,4.402
2018-04-01,0
2018-05-01,7.457
2018-06-01,0
2018-07-01,7.078
2018-08-01,7.325
2018-09-01,5.972
2018-10-01,3.992
2018-11-01,3.318
2018-12-01,7.33
2019-01-01,5
2019-02-01,0
2019-03-01,0
2019-04-01,0
2020-01-01,15
2020-02-01,2
2020-03-01,17
2020-04-01,28
2020-05-01,1
2020-06-01,10
2021-01-01,26
2021-02-01,18
2021-03-01,30
2021-04-01,30
2021-05-01,23
2022-01-01,13
2022-02-01,9
2022-03-01,13
2022-04-01,15
2023-01-01,11
2023-02-01,10
2023-03-01,16
2023-04-01,21
2024-01-01,15
2024-02-01,12
2024-03-01,8
2024-04-01,8
2024-05-01,8
2025-01-01,10
2025-02-01,0
2025-03-01,22
2025-04-01,0
2026-01-01,773
2026-02-01,390
2026-03-01,0
