2026-10-06T08:40,0.0000
2026-10-06T08:57,2.0000
2026-10-06T09:29,2.0000
2026-10-06T09:46,2.0000
2026-10-06T09:49,2.0000
2026-10-06T11:19,2.0000
2026-10-06T11:44,1.0000
2026-10-06T12:05,0.0000
2026-10-06T12:26,1.0000
2026-10-06T13:36,3.0000
2026-10-06T13:52,1.0000
2026-10-06T15:10,2.0000
2026-10-06T15:58,0.0000
2026-10-06T16:13,0.0000
2026-10-06T16:37,0.0000
2026-10-06T17:27,1.0000
2026-10-06T18:01,0.0000
2026-10-06T18:19,0.0000
2026-10-06T20:54,0.0000
2026-10-07T00:35,1.0000
2026-10-07T03:01,0.0000
2026-10-07T03:18,1.0000
2026-10-07T03:41,0.0000
2026-10-07T04:00,0.0000
2026-10-07T04:06,0.0000
2026-10-07T04:28,0.0000
2026-10-07T04:51,0.0000
2026-10-07T06:23,0.0000
2026-10-07T08:20,3.0000
2026-10-07T08:49,4.0000
2026-10-07T09:01,3.0000
2026-10-07T10:18,2.0000
