2026-10-06T17:27,2.0000
2026-10-06T18:01,2.0000
2026-10-06T18:19,2.0000
2026-10-06T20:54,1.0000
2026-10-07T00:35,0.0000
2026-10-07T03:01,4.0000
2026-10-07T03:18,4.0000
2026-10-07T03:41,2.0000
2026-10-07T04:00,2.0000
2026-10-07T04:06,3.0000
2026-10-07T04:28,3.0000
2026-10-07T04:51,0.0000
2026-10-07T06:23,0.0000
2026-10-07T08:20,2.0000
2026-10-07T08:49,2.0000
2026-10-07T09:01,4.0000
2026-10-07T10:18,2.0000
2026-10-07T10:24,2.0000
2026-10-07T10:31,1.0000
2026-10-07T10:45,1.0000
2026-10-07T13:57,0.0000
2026-10-07T15:20,0.0000
2026-10-07T19:52,0.0000
2026-10-08T00:08,1.0000
2026-10-08T01:22,4.0000
2026-10-08T01:56,2.0000
2026-10-08T06:14,1.0000
2026-10-08T06:35,3.0000
2026-10-08T06:47,3.0000
2026-10-08T10:40,2.0000
2026-10-08T13:37,1.0000
2026-10-08T16:45,1.0000
2026-10-08T19:41,1.0000
2026-10-09T00:09,2.0000
2026-10-09T03:27,2.0000
2026-10-09T06:29,1.0000
2026-10-09T07:41,2.0000
2026-10-09T10:24,2.0000
2026-10-09T13:40,0.0000
