2026-10-06T13:37,67.0000
2026-10-06T13:53,65.0000
2026-10-06T15:11,70.0000
2026-10-06T15:59,54.0000
2026-10-06T16:14,49.0000
2026-10-06T16:37,47.0000
2026-10-06T17:27,75.0000
2026-10-06T18:04,62.0000
2026-10-06T18:20,60.0000
2026-10-06T20:54,31.0000
2026-10-07T00:35,54.0000
2026-10-07T03:01,50.0000
2026-10-07T03:18,38.0000
2026-10-07T03:41,34.0000
2026-10-07T04:00,32.0000
2026-10-07T04:06,33.0000
2026-10-07T04:28,40.0000
2026-10-07T04:52,56.0000
2026-10-07T06:23,53.0000
2026-10-07T08:20,48.0000
2026-10-07T08:50,43.0000
2026-10-07T09:01,60.0000
2026-10-07T10:18,61.0000
2026-10-07T10:25,58.0000
2026-10-07T10:31,71.0000
2026-10-07T10:45,67.0000
2026-10-07T13:57,72.0000
2026-10-07T15:21,56.0000
2026-10-07T19:53,45.0000
2026-10-08T00:08,49.0000
2026-10-08T01:22,51.0000
2026-10-08T01:56,42.0000
2026-10-08T06:14,44.0000
2026-10-08T06:35,66.0000
2026-10-08T06:47,63.0000
2026-10-08T10:40,60.0000
2026-10-08T13:37,71.0000
2026-10-08T16:45,49.0000
2026-10-08T19:43,43.0000
2026-10-09T00:09,50.0000
