2026-10-06T12:05,141.0000
2026-10-06T12:26,139.0000
2026-10-06T13:36,125.0000
2026-10-06T13:52,125.0000
2026-10-06T15:11,104.0000
2026-10-06T15:58,90.0000
2026-10-06T16:13,87.0000
2026-10-06T16:37,94.0000
2026-10-06T17:27,75.0000
2026-10-06T18:02,86.0000
2026-10-06T18:19,94.0000
2026-10-06T20:54,71.0000
2026-10-07T00:35,50.0000
2026-10-07T03:01,76.0000
2026-10-07T03:18,88.0000
2026-10-07T03:41,97.0000
2026-10-07T04:00,84.0000
2026-10-07T04:06,86.0000
2026-10-07T04:28,74.0000
2026-10-07T04:51,90.0000
2026-10-07T06:23,93.0000
2026-10-07T08:20,92.0000
2026-10-07T08:50,123.0000
2026-10-07T09:01,111.0000
2026-10-07T10:18,144.0000
2026-10-07T10:24,147.0000
2026-10-07T10:31,139.0000
2026-10-07T10:45,122.0000
2026-10-07T13:57,121.0000
2026-10-07T15:21,118.0000
2026-10-07T19:53,62.0000
2026-10-08T00:08,20.0000
2026-10-08T01:22,56.0000
2026-10-08T01:56,56.0000
2026-10-08T06:14,89.0000
2026-10-08T06:35,90.0000
2026-10-08T06:47,84.0000
2026-10-08T10:40,140.0000
2026-10-08T13:37,136.0000
2026-10-08T16:45,99.0000
2026-10-08T19:41,84.0000
2026-10-09T00:09,40.0000
