2026-10-06T17:28,0.0000
2026-10-06T18:04,0.0000
2026-10-06T18:20,0.0000
2026-10-06T20:54,0.0000
2026-10-07T00:35,0.0000
2026-10-07T03:01,0.0000
2026-10-07T03:18,0.0000
2026-10-07T03:42,0.0000
2026-10-07T04:00,0.0000
2026-10-07T04:07,0.0000
2026-10-07T04:28,0.0000
2026-10-07T04:52,0.0000
2026-10-07T06:23,0.0000
2026-10-07T08:21,0.0000
2026-10-07T08:50,0.0000
2026-10-07T09:02,0.0000
2026-10-07T10:19,0.0000
2026-10-07T10:25,0.0000
2026-10-07T10:32,0.0000
2026-10-07T10:45,0.0000
2026-10-07T13:57,0.0000
2026-10-07T15:21,0.0000
2026-10-07T19:53,0.0000
2026-10-08T00:08,0.0000
2026-10-08T01:22,0.0000
