2026-10-06T12:05,2.8369
2026-10-06T12:26,5.0360
2026-10-06T13:36,11.2000
2026-10-06T13:52,6.4000
2026-10-06T15:11,11.5385
2026-10-06T15:58,14.4444
2026-10-06T16:13,16.0920
2026-10-06T16:37,8.5106
2026-10-06T17:27,21.3333
2026-10-06T18:02,18.6047
2026-10-06T18:19,10.6383
2026-10-06T20:54,16.9014
2026-10-07T00:35,8.0000
2026-10-07T03:01,11.8421
2026-10-07T03:18,7.9545
2026-10-07T03:41,14.4330
2026-10-07T04:00,10.7143
2026-10-07T04:06,10.4651
2026-10-07T04:28,9.4595
2026-10-07T04:51,15.5556
2026-10-07T06:23,11.8280
2026-10-07T08:20,11.9565
2026-10-07T08:50,7.3171
2026-10-07T09:01,9.9099
2026-10-07T10:18,3.4722
2026-10-07T10:24,8.8435
