2026-10-06T13:36,0.0000
2026-10-06T13:53,0.0000
2026-10-06T15:11,0.0000
2026-10-06T15:58,0.0000
2026-10-06T16:13,0.0000
2026-10-06T16:37,0.0000
2026-10-06T17:27,0.0000
2026-10-06T18:04,0.0000
2026-10-06T18:19,0.0000
2026-10-06T20:54,0.0000
2026-10-07T00:35,0.0000
2026-10-07T03:01,0.0000
2026-10-07T03:18,0.0000
2026-10-07T03:41,0.0000
2026-10-07T04:00,0.0000
2026-10-07T04:06,0.0000
2026-10-07T04:28,0.0000
2026-10-07T04:52,0.0000
2026-10-07T06:23,0.0000
2026-10-07T08:20,0.0000
2026-10-07T08:50,0.0000
2026-10-07T09:01,0.0000
2026-10-07T10:18,0.0000
2026-10-07T10:24,0.0000
2026-10-07T10:31,0.0000
2026-10-07T10:45,0.0000
2026-10-07T13:57,0.0000
