2026-10-06T13:34,2.0000
2026-10-06T13:52,1.0000
2026-10-06T15:07,0.0000
2026-10-06T15:57,0.0000
2026-10-06T16:13,0.0000
2026-10-06T16:37,0.0000
2026-10-06T17:27,0.0000
2026-10-06T18:01,0.0000
2026-10-06T18:19,0.0000
2026-10-06T20:54,7.0000
2026-10-07T00:35,5.0000
2026-10-07T03:01,8.0000
2026-10-07T03:18,3.0000
2026-10-07T03:41,24.0000
2026-10-07T04:00,24.0000
2026-10-07T04:06,8.0000
2026-10-07T04:28,24.0000
2026-10-07T04:51,15.0000
2026-10-07T06:23,10.0000
2026-10-07T08:20,4.0000
2026-10-07T08:49,4.0000
2026-10-07T09:01,3.0000
2026-10-07T10:18,2.0000
2026-10-07T10:24,2.0000
2026-10-07T10:31,2.0000
2026-10-07T10:45,2.0000
2026-10-07T13:56,0.0000
2026-10-07T15:20,0.0000
2026-10-07T19:52,0.0000
2026-10-08T00:08,9.0000
2026-10-08T01:21,6.0000
2026-10-08T01:56,4.0000
2026-10-08T06:14,24.0000
2026-10-08T06:35,16.0000
2026-10-08T06:47,24.0000
2026-10-08T10:39,4.0000
2026-10-08T13:37,1.0000
2026-10-08T16:45,1.0000
2026-10-08T19:41,21.0000
2026-10-09T00:09,38.0000
2026-10-09T03:26,44.0000
