2026-10-06T18:05,4.0000
2026-10-06T18:21,4.0000
2026-10-06T20:56,4.0000
2026-10-07T00:37,4.0000
2026-10-07T03:01,4.0000
2026-10-07T03:18,4.0000
2026-10-07T03:44,4.0000
2026-10-07T04:01,4.0000
2026-10-07T04:07,4.0000
2026-10-07T04:29,4.0000
2026-10-07T04:56,4.0000
2026-10-07T06:24,4.0000
2026-10-07T08:27,4.0000
2026-10-07T08:52,4.0000
2026-10-07T09:02,4.0000
2026-10-07T10:19,4.0000
2026-10-07T10:25,4.0000
2026-10-07T10:32,4.0000
2026-10-07T10:45,4.0000
2026-10-07T14:06,4.0000
2026-10-07T15:21,4.0000
2026-10-07T20:02,4.0000
2026-10-08T00:15,4.0000
2026-10-08T01:22,4.0000
2026-10-08T01:57,4.0000
2026-10-08T06:23,4.0000
2026-10-08T06:35,4.0000
2026-10-08T06:47,4.0000
2026-10-08T10:52,4.0000
2026-10-08T13:38,4.0000
2026-10-08T16:54,4.0000
2026-10-08T19:43,4.0000
2026-10-09T00:17,4.0000
2026-10-09T03:32,4.0000
