2026-10-06T15:12,27.0000
2026-10-06T16:00,27.0000
2026-10-06T16:14,27.0000
2026-10-06T16:38,27.0000
2026-10-06T17:40,27.0000
2026-10-06T18:05,27.0000
2026-10-06T18:22,27.0000
2026-10-06T20:57,27.0000
2026-10-07T00:39,27.0000
2026-10-07T03:02,27.0000
2026-10-07T03:19,27.0000
2026-10-07T03:44,27.0000
2026-10-07T04:02,27.0000
2026-10-07T04:07,27.0000
2026-10-07T04:30,27.0000
2026-10-07T04:56,27.0000
2026-10-07T06:28,27.0000
2026-10-07T08:29,27.0000
2026-10-07T08:53,27.0000
2026-10-07T09:02,27.0000
2026-10-07T10:20,27.0000
2026-10-07T10:27,27.0000
2026-10-07T10:33,27.0000
2026-10-07T10:45,27.0000
2026-10-07T14:07,27.0000
2026-10-07T15:23,27.0000
2026-10-07T20:05,28.0000
2026-10-08T00:17,28.0000
2026-10-08T01:23,28.0000
2026-10-08T01:57,28.0000
2026-10-08T06:25,28.0000
2026-10-08T06:36,28.0000
2026-10-08T06:48,28.0000
2026-10-08T10:56,28.0000
2026-10-08T13:40,28.0000
