2017-01,9357211.91
2017-02,44651019.25
2017-03,13383602.04
2017-04,12347884.17
2017-05,27540803.82
2017-06,15555814.61
2017-07,64597167.87
2017-08,71895155.85
2017-09,168908521.12
2017-10,3323378.93
2017-11,26003513.03
2017-12,79907196.31
2018-01,3301907.53
2018-02,12411457.68
2018-03,37604078.69
2018-04,9403039.89
2018-05,90587835.53
2018-06,15758084.51
2018-07,81629803.67
2018-08,56824519.77
2018-09,128404941.67
2018-10,6830642.75
2018-11,20364142.59
2018-12,96033514.02
2019-01,2221838.68
2019-02,4502808.92
2019-03,35963411.44
2019-04,62560389.17
2019-05,47930067.79
2019-06,45170959.77
2019-07,61391852.11
2019-08,91350366.6
2019-09,79830718.02
2019-10,13326311.92
2019-11,4971765.58
2019-12,2107368.04
2020-01,33191678.37
2020-02,47559410.23
2020-03,55880581.39
2020-04,113379625.62
2020-05,21677607.11
2020-06,45616018.57
2020-07,43803107.34
2020-08,39299607.06
2020-09,49889719.77
2020-10,2808651.64
2020-11,36037293.65
2020-12,33482629.54
2021-01,6271462.03
2021-02,144777364.7
2021-03,79114411.51
2021-04,17868657.51
2021-05,21323348.93
2021-06,82196667.94
2021-07,35278787.96
2021-08,77318422.1
2021-09,89165023.49
2021-10,9577982.47
2021-11,6645532.93
2021-12,24200128.6
2022-01,26607426.46
2022-02,11567538.94
2022-03,41026146.56
2022-04,7499438.95
2022-05,51706707.69
2022-06,159146290.11
2022-07,85814949.63
2022-08,31932450.82
2022-09,121323549.51
2022-10,53069242.86
2022-11,38606164.4
2022-12,169772752.77
2023-01,6922925.04
2023-02,115768495.39
2023-03,109235633.62
2023-04,36956363.07
2023-05,14107258.43
2023-06,82977873.59
2023-07,36543881.0
2023-08,197199456.07
2023-09,293361535.9
2023-10,10391104.58
2023-11,29400120.4
2023-12,20337365.54
2024-01,18346259.15
2024-02,22426244.47
2024-03,127914424.6
2024-04,26933877.76
2024-05,254419102.85
2024-06,36353211.06
2024-07,2521364.48
2024-08,48182150.08
2024-09,85651729.29
2024-10,47805868.02
2024-11,37952562.36
2024-12,30788405.92
2025-01,24487422.15
2025-02,90658285.07
2025-03,41941418.7
2025-04,10255674.84
2025-05,24333067.22
2025-06,84783479.2
2025-07,78515053.99
2025-08,78112656.09
2025-09,161391317.4
2025-10,-3443580.9100000006
2025-11,3552020.58
2025-12,92819993.54
2026-01,193335276.21
2026-02,40815873.32
2026-03,52167183.98
2026-04,84310387.17
2026-05,74826303.19
2026-06,78452148.65
2026-07,673348.89
2026-08,0.0
2026-09,0.0
2026-10,0.0
