2022-08-29,932.9878048780488
2022-08-30,933.0
2022-08-31,933.0
2022-09-01,933.0
2022-09-02,933.0
2022-09-03,933.0
2022-09-04,933.0
2022-09-05,933.0
2022-09-06,933.0
2022-09-07,933.0
2022-09-08,933.0
2022-09-09,933.0
2022-09-10,932.75
2022-09-11,933.0
2022-09-12,933.0
2022-09-13,933.0
2022-09-14,933.0
2022-09-15,932.8611111111111
2022-09-16,933.0
2022-09-17,932.9895833333334
2022-09-18,933.0
2022-09-19,933.0
2022-09-20,914.8298611111111
2022-09-21,933.0
2022-09-22,933.0
2022-09-23,932.9965277777778
2022-09-24,933.0
2022-09-25,933.0
2022-09-26,933.0
2022-09-27,932.9756944444445
2022-09-28,932.9965277777778
2022-09-29,933.0
2022-09-30,933.0
2022-10-01,933.0
2022-10-02,933.0
2022-10-03,933.0
2022-10-04,933.0
2022-10-05,933.0
2022-10-06,933.0
2022-10-07,933.0
2022-10-08,933.0
2022-10-09,933.0
2022-10-10,932.9513888888889
2022-10-11,933.0
2022-10-12,932.9722222222222
2022-10-13,933.0
2022-10-14,933.0
2022-10-15,933.0
2022-10-16,933.0
2022-10-17,936.3333333333334
2022-10-18,937.0
2022-10-19,937.0
2022-10-20,937.0
2022-10-21,937.0
2022-10-22,937.0
2022-10-23,937.0
2022-10-24,936.8333333333334
2022-10-25,937.0
2022-10-26,936.8611111111111
2022-10-27,937.0
2022-10-28,937.0
2022-10-29,937.0
2022-10-30,937.0
2022-10-31,936.0416666666666
2022-11-01,935.5
2022-11-02,937.0
2022-11-03,937.0
2022-11-04,937.0
2022-11-05,936.9513888888889
2022-11-06,936.9895833333334
2022-11-07,937.0
2022-11-08,936.7152777777778
2022-11-09,936.7847222222222
2022-11-10,936.6527777777778
2022-11-11,936.3055555555555
2022-11-12,936.4236111111111
2022-11-13,936.9513888888889
2022-11-14,937.0
2022-11-15,937.0
2022-11-16,937.0
2022-11-17,937.0
2022-11-18,937.0
2022-11-19,937.0
2022-11-20,936.7569444444445
2022-11-21,936.0
2022-11-22,936.0
2022-11-23,936.0798611111111
2022-11-24,937.0
2022-11-25,937.0
2022-11-26,936.5902777777778
2022-11-27,936.0
2022-11-28,935.9965277777778
2022-11-29,936.0
2022-11-30,936.0
2022-12-01,936.0
2022-12-02,936.0104166666666
2022-12-03,936.5625
2022-12-04,937.0
2022-12-05,937.0
2022-12-06,937.0
2022-12-07,937.0
2022-12-08,937.0
2022-12-09,937.0
2022-12-10,937.0
2022-12-11,937.0
2022-12-12,937.0
2022-12-13,937.0
2022-12-14,936.9444444444445
2022-12-15,936.9930555555555
2022-12-16,937.0
2022-12-17,937.0
2022-12-18,937.0
2022-12-19,937.0451388888889
2022-12-20,938.0
2022-12-21,938.0
2022-12-22,937.0
2022-12-23,935.0
2022-12-24,935.0
2022-12-25,935.0
2022-12-26,935.0
2022-12-27,935.0
2022-12-28,935.0
2022-12-29,935.0
2022-12-30,935.0
2022-12-31,935.0
2023-01-01,935.0
2023-01-02,934.8576388888889
2023-01-03,935.0
2023-01-04,935.0
2023-01-05,929.4097222222222
2023-01-06,934.9722222222222
2023-01-07,934.96875
2023-01-08,933.5555555555555
2023-01-09,929.8576388888889
2023-01-10,934.9965277777778
2023-01-11,935.0
2023-01-12,935.0
2023-01-13,935.0
2023-01-14,935.0
2023-01-15,935.0
2023-01-16,935.0
2023-01-17,935.0
2023-01-18,935.0
2023-01-19,935.0
2023-01-20,935.0
2023-01-21,935.0
2023-01-22,934.9826388888889
2023-01-23,935.0
2023-01-24,934.8611111111111
2023-01-25,934.9861111111111
2023-01-26,935.0
2023-01-27,934.6840277777778
2023-01-28,935.0
2023-01-29,935.0
2023-01-30,934.8888888888889
2023-01-31,935.0
2023-02-01,935.0
2023-02-02,935.0
2023-02-03,935.0
2023-02-04,935.0
2023-02-05,934.9826388888889
2023-02-06,935.0
2023-02-07,935.0
2023-02-08,935.0
2023-02-09,935.0
2023-02-10,935.0
2023-02-11,935.0
2023-02-12,935.0
2023-02-13,935.0
2023-02-14,935.0
2023-02-15,934.6388888888889
2023-02-16,934.9930555555555
2023-02-17,935.0
2023-02-18,935.0
2023-02-19,935.0
2023-02-20,935.0
2023-02-21,935.0
2023-02-22,935.0
2023-02-23,935.0
2023-02-24,935.0
2023-02-25,935.0
2023-02-26,934.9027777777778
2023-02-27,935.0
2023-02-28,935.0
2023-03-01,935.0
2023-03-02,935.0
2023-03-03,935.0
2023-03-04,934.9965277777778
2023-03-05,935.0
2023-03-06,934.8923611111111
2023-03-07,934.9965277777778
2023-03-08,935.0
2023-03-09,935.0
2023-03-10,935.0
2023-03-11,935.0
2023-03-12,935.0
2023-03-13,935.0
2023-03-14,935.0
2023-03-15,934.9791666666666
2023-03-16,934.8333333333334
2023-03-17,935.0
2023-03-18,934.7777777777778
2023-03-19,933.0763888888889
2023-03-20,934.625
2023-03-21,934.9409722222222
2023-03-22,935.0
2023-03-23,935.0
2023-03-24,935.0
2023-03-25,935.0
2023-03-26,935.0
2023-03-27,934.4479166666666
2023-03-28,934.4618055555555
2023-03-29,934.9965277777778
2023-03-30,934.9375
2023-03-31,934.9444444444445
2023-04-01,934.5833333333334
2023-04-02,935.0
2023-04-03,934.7916666666666
2023-04-04,935.0
2023-04-05,935.0
2023-04-06,935.0
2023-04-07,935.0
2023-04-08,934.25
2023-04-09,934.3402777777778
2023-04-10,934.9548611111111
2023-04-11,934.1770833333334
2023-04-12,934.4722222222222
2023-04-13,935.0
2023-04-14,935.0
2023-04-15,934.9722222222222
2023-04-16,935.0
2023-04-17,934.9756944444445
2023-04-18,934.9826388888889
2023-04-19,926.0
2023-04-20,935.0
2023-04-21,935.0
2023-04-22,935.0
2023-04-23,934.9722222222222
2023-04-24,935.0
2023-04-25,935.0
2023-04-26,935.0
2023-04-27,934.9930555555555
2023-04-28,935.0
2023-04-29,935.0
2023-04-30,935.0
2023-05-01,935.0
2023-05-02,934.9965277777778
2023-05-03,935.0
2023-05-04,935.0
2023-05-05,935.0
2023-05-06,934.1284722222222
2023-05-07,934.9930555555555
2023-05-08,935.0
2023-05-09,934.6840277777778
2023-05-10,934.8020833333334
2023-05-11,929.0555555555555
2023-05-12,929.7777777777778
2023-05-13,935.0
2023-05-14,935.0
2023-05-15,935.0
2023-05-16,935.0
2023-05-17,934.7083333333334
2023-05-18,934.8885017421603
2023-05-19,934.9444444444445
2023-05-20,934.9409722222222
2023-05-21,934.9965277777778
2023-05-22,935.0
2023-05-23,935.0
2023-05-24,934.9895833333334
2023-05-25,934.7465277777778
2023-05-26,934.65625
2023-05-27,933.9166666666666
2023-05-28,934.1388888888889
2023-05-29,929.7743055555555
2023-05-30,935.0
2023-05-31,934.8888888888889
2023-06-01,934.9965277777778
2023-06-02,935.0
2023-06-03,935.0
2023-06-04,935.0
2023-06-05,935.0
2023-06-06,934.9965277777778
2023-06-07,935.0
2023-06-08,934.9965277777778
2023-06-09,934.8368055555555
2023-06-10,935.0
2023-06-11,935.0
2023-06-12,935.0
2023-06-13,934.9444444444445
2023-06-14,935.0
2023-06-15,935.0
2023-06-16,934.9444444444445
2023-06-17,935.0
2023-06-18,935.0
2023-06-19,935.0
2023-06-20,934.875
2023-06-21,935.0
2023-06-22,934.9965277777778
2023-06-23,935.0
2023-06-24,934.7673611111111
2023-06-25,935.0
2023-06-26,934.9895833333334
2023-06-27,934.9965277777778
2023-06-28,935.0
2023-06-29,935.0
2023-06-30,935.0
2023-07-01,935.0
2023-07-02,935.0
2023-07-03,934.9930555555555
2023-07-04,934.9340277777778
2023-07-05,935.0
2023-07-06,935.0
2023-07-07,935.0
2023-07-08,935.0
2023-07-09,935.0
2023-07-10,934.9548611111111
2023-07-11,935.0
2023-07-12,935.0
2023-07-13,935.0
2023-07-14,935.0
2023-07-15,935.0
2023-07-16,935.0
2023-07-17,935.0
2023-07-18,935.0
2023-07-19,935.0
2023-07-20,934.3715277777778
2023-07-21,934.0
2023-07-22,934.0
2023-07-23,934.0
2023-07-24,934.0
2023-07-25,934.0
2023-07-26,933.9027777777778
2023-07-27,934.0
2023-07-28,934.0
2023-07-29,934.0
2023-07-30,934.0
2023-07-31,934.0
2023-08-01,933.9444444444445
2023-08-02,934.0
2023-08-03,934.0
2023-08-04,934.0
2023-08-05,933.9722222222222
2023-08-06,934.0
2023-08-07,934.0
2023-08-08,933.9965277777778
2023-08-09,934.0
2023-08-10,934.0
2023-08-11,934.0
2023-08-12,934.0
2023-08-13,934.0
2023-08-14,933.7361111111111
2023-08-15,934.0
2023-08-16,934.0
2023-08-17,933.9756944444445
2023-08-18,934.0
2023-08-19,933.2673611111111
2023-08-20,933.0
2023-08-21,933.0
2023-08-22,933.0
2023-08-23,933.0
2023-08-24,933.0
2023-08-25,933.28125
2023-08-26,933.4375
2023-08-27,933.0
2023-08-28,933.3854166666666
2023-08-29,934.0
2023-08-30,933.9965277777778
2023-08-31,933.9791666666666
2023-09-01,933.7569444444445
2023-09-02,933.9965277777778
2023-09-03,933.9722222222222
2023-09-04,933.9444444444445
2023-09-05,933.78125
2023-09-06,934.0
2023-09-07,933.9965277777778
2023-09-08,934.0
2023-09-09,934.0
2023-09-10,934.0
2023-09-11,933.9965277777778
2023-09-12,934.0
2023-09-13,934.2881944444445
2023-09-14,935.0
2023-09-15,934.9965277777778
2023-09-16,935.0
2023-09-17,935.0
2023-09-18,935.0
2023-09-19,935.0
2023-09-20,935.0
2023-09-21,935.0
2023-09-22,934.9965277777778
2023-09-23,935.0
2023-09-24,935.0
2023-09-25,935.0
2023-09-26,935.0
2023-09-27,935.0
2023-09-28,935.0
2023-09-29,934.9583333333334
2023-09-30,934.9861111111111
2023-10-01,935.0
2023-10-02,935.0
2023-10-03,934.9930555555555
2023-10-04,934.9965277777778
2023-10-05,934.9756944444445
2023-10-06,935.0
2023-10-07,934.8472222222222
2023-10-08,935.0
2023-10-09,934.6597222222222
2023-10-10,934.5138888888889
2023-10-11,934.9930555555555
2023-10-12,934.9826388888889
2023-10-13,935.0
2023-10-14,935.0
2023-10-15,935.0
2023-10-16,934.8645833333334
2023-10-17,934.9444444444445
2023-10-18,935.0
2023-10-19,934.9618055555555
2023-10-20,934.9236111111111
2023-10-21,934.8298611111111
2023-10-22,935.0
2023-10-23,934.4186046511628
2023-10-24,935.0
2023-10-25,935.0
2023-10-26,933.9652777777778
2023-10-27,934.0
2023-10-28,934.0
2023-10-29,933.3611111111111
2023-10-30,934.0
2023-10-31,933.4895833333334
2023-11-01,934.8854166666666
2023-11-02,934.8819444444445
2023-11-03,935.0
2023-11-04,935.0
2023-11-05,935.0
2023-11-06,935.0
2023-11-07,934.8055555555555
2023-11-08,933.9791666666666
2023-11-09,934.2152777777778
2023-11-10,847.5069444444445
2023-11-11,934.9965277777778
2023-11-12,934.9548611111111
2023-11-13,934.9826388888889
2023-11-14,935.0
2023-11-15,934.1284722222222
2023-11-16,934.0
2023-11-17,934.0
2023-11-18,934.0
2023-11-19,934.0
2023-11-20,934.0
2023-11-21,934.0
2023-11-22,934.625
2023-11-23,934.4722222222222
2023-11-24,934.0
2023-11-25,931.7777777777778
2023-11-26,934.0
2023-11-27,933.9722222222222
2023-11-28,929.0833333333334
2023-11-29,934.0104166666666
2023-11-30,934.0
2023-12-01,934.0
2023-12-02,934.0
2023-12-03,934.5868055555555
2023-12-04,935.0069444444445
2023-12-05,935.0
2023-12-06,935.0
2023-12-07,935.0
2023-12-08,933.3611111111111
2023-12-09,935.0
2023-12-10,934.4131944444445
2023-12-11,935.0
2023-12-12,935.0
2023-12-13,935.0
2023-12-14,934.125
2023-12-15,925.1666666666666
2023-12-16,935.0
2023-12-17,935.0
2023-12-18,932.6666666666666
2023-12-19,929.8888888888889
2023-12-20,935.0
2023-12-21,934.9409722222222
2023-12-22,935.0
2023-12-23,935.0
2023-12-24,935.0
2023-12-25,935.0
2023-12-26,934.4166666666666
2023-12-27,934.9166666666666
2023-12-28,935.0
2023-12-29,935.0
2023-12-30,935.0
2023-12-31,935.0
2024-01-01,935.0
2024-01-02,935.0
2024-01-03,935.0
2024-01-04,935.0
2024-01-05,935.0
2024-01-06,935.0
2024-01-07,935.0
2024-01-08,935.0
2024-01-09,935.0
2024-01-10,934.625
2024-01-11,934.0
2024-01-12,934.0
2024-01-13,934.0
2024-01-14,934.0
2024-01-15,933.9652777777778
2024-01-16,933.9895833333334
2024-01-17,934.0
2024-01-18,934.0
2024-01-19,934.0
2024-01-20,933.7465277777778
2024-01-21,934.0
2024-01-22,933.9930555555555
2024-01-23,933.9583333333334
2024-01-24,933.3402777777778
2024-01-25,933.7534722222222
2024-01-26,934.0
2024-01-27,934.0
2024-01-28,934.0
2024-01-29,934.0
2024-01-30,933.5243055555555
2024-01-31,933.7395833333334
2024-02-01,933.6840277777778
2024-02-02,933.7118055555555
2024-02-03,933.7777777777778
2024-02-04,933.9861111111111
2024-02-05,934.0
2024-02-06,934.0
2024-02-07,933.9791666666666
2024-02-08,934.0
2024-02-09,934.0
2024-02-10,934.0
2024-02-11,934.0
2024-02-12,934.0
2024-02-13,934.0
2024-02-14,934.0
2024-02-15,934.0
2024-02-16,934.0
2024-02-17,934.0
2024-02-18,934.0
2024-02-19,934.0
2024-02-20,934.0
2024-02-21,934.0
2024-02-22,934.0
2024-02-23,932.7777777777778
2024-02-24,933.3125
2024-02-25,934.0
2024-02-26,934.0
2024-02-27,934.0
2024-02-28,933.9930555555555
2024-02-29,934.0
2024-03-01,933.8854166666666
2024-03-02,934.0
2024-03-03,934.0
2024-03-04,933.9930555555555
2024-03-05,933.96875
2024-03-06,934.0
2024-03-07,934.0
2024-03-08,934.0
2024-03-09,934.0
2024-03-10,934.0
2024-03-11,934.0
2024-03-12,934.0
2024-03-13,934.0
2024-03-14,934.0
2024-03-15,934.0
2024-03-16,934.0
2024-03-17,934.0
2024-03-18,934.0
2024-03-19,934.0
2024-03-20,934.0
2024-03-21,934.0
2024-03-22,882.5104166666666
2024-03-23,906.8472222222222
2024-03-24,933.9166666666666
2024-03-25,933.8472222222222
2024-03-26,915.8958333333334
2024-03-27,933.25
2024-03-28,934.0
2024-03-29,934.0
2024-03-30,934.0
2024-03-31,934.0
2024-04-01,934.0
2024-04-02,934.0
2024-04-03,934.0
2024-04-04,934.0
2024-04-05,934.0
2024-04-06,934.0
2024-04-07,933.9027777777778
2024-04-08,934.0
2024-04-09,934.0
2024-04-10,934.0
2024-04-11,934.0
2024-04-12,934.0
2024-04-13,934.0
2024-04-14,934.0
2024-04-15,933.8472222222222
2024-04-16,934.0
2024-04-17,934.0
2024-04-18,934.0
2024-04-19,934.0
2024-04-20,934.0
2024-04-21,934.0
2024-04-22,934.0
2024-04-23,934.0
2024-04-24,934.0
2024-04-25,934.0
2024-04-26,934.0
2024-04-27,934.0
2024-04-28,934.0
2024-04-29,934.0
2024-04-30,934.0
2024-05-01,934.0
2024-05-02,934.0
2024-05-03,934.0
2024-05-04,934.0
2024-05-05,934.0
2024-05-06,933.9930555555555
2024-05-07,934.0
2024-05-08,934.0
2024-05-09,935.8333333333334
2024-05-10,937.9930555555555
2024-05-11,938.0
2024-05-12,938.0
2024-05-13,938.0
2024-05-14,937.7256944444445
2024-05-15,938.0
2024-05-16,938.0
2024-05-17,938.0
2024-05-18,938.0
2024-05-19,938.0
2024-05-20,938.0
2024-05-21,938.0
2024-05-22,938.0
2024-05-23,938.0
2024-05-24,937.9895833333334
2024-05-25,938.0
2024-05-26,938.0
2024-05-27,938.0
2024-05-28,937.34375
2024-05-29,937.78125
2024-05-30,937.4652777777778
2024-05-31,951.125
2024-06-01,952.2083333333334
2024-06-02,951.2083333333334
2024-06-03,951.0
2024-06-04,951.0
2024-06-05,955.75
2024-06-06,957.0
2024-06-07,957.0
2024-06-08,957.0
2024-06-09,955.4166666666666
2024-06-10,955.0
2024-06-11,955.7916666666666
2024-06-12,956.0
2024-06-13,956.0
2024-06-14,956.0
2024-06-15,956.7916666666666
2024-06-16,956.2083333333334
2024-06-17,956.0
2024-06-18,958.375
2024-06-19,959.0
2024-06-20,958.2083333333334
2024-06-21,958.0
2024-06-22,958.7916666666666
2024-06-23,959.0
2024-06-24,959.0
2024-06-25,959.0
2024-06-26,959.0
2024-06-27,959.0
2024-06-28,959.0
2024-06-29,959.0
2024-06-30,959.0
2024-07-01,959.0
2024-07-02,959.0
2024-07-03,962.0
2024-07-04,968.0
2024-07-05,967.0
2024-07-06,965.3333333333334
2024-07-07,965.6666666666666
2024-07-08,965.3333333333334
2024-07-09,966.0
2024-07-10,965.9965277777778
2024-07-11,966.0
2024-07-12,965.6597222222222
2024-07-13,965.0
2024-07-14,965.0
2024-07-15,965.0
2024-07-16,964.3333333333334
2024-07-17,963.0
2024-07-18,963.3333333333334
2024-07-19,964.0
2024-07-20,963.0
2024-07-21,961.0
2024-07-22,961.0
2024-07-23,960.9861111111111
2024-07-24,961.0
2024-07-25,961.3333333333334
2024-07-26,962.0
2024-07-27,962.0
2024-07-28,962.0
2024-07-29,962.0
2024-07-30,962.0
2024-07-31,962.0
2024-08-01,962.0
2024-08-02,960.4166666666666
2024-08-03,962.0
2024-08-04,962.0
2024-08-05,962.0
2024-08-06,962.0
2024-08-07,960.3333333333334
2024-08-08,957.0
2024-08-09,957.0
2024-08-10,957.0
2024-08-11,957.3333333333334
2024-08-12,957.9791666666666
2024-08-13,958.2847222222222
2024-08-14,959.0
2024-08-15,958.6666666666666
2024-08-16,957.96875
2024-08-17,958.0
2024-08-18,958.0
2024-08-19,958.0
2024-08-20,955.6354166666666
2024-08-21,959.0
2024-08-22,960.0
2024-08-23,962.0
2024-08-24,962.0
2024-08-25,961.6666666666666
2024-08-26,961.0
2024-08-27,961.3333333333334
2024-08-28,962.0
2024-08-29,961.0
2024-08-30,959.0
2024-08-31,959.0
2024-09-01,958.9895833333334
2024-09-02,957.7777777777778
2024-09-03,958.6631944444445
2024-09-04,958.0
2024-09-05,957.7916666666666
2024-09-06,956.9895833333334
2024-09-07,957.0
2024-09-08,957.0
2024-09-09,957.0
2024-09-10,956.5520833333334
2024-09-11,956.2083333333334
2024-09-12,957.0
2024-09-13,957.0
2024-09-14,957.4166666666666
2024-09-15,958.7916666666666
2024-09-16,957.9965277777778
2024-09-17,958.0
2024-09-18,958.4166666666666
2024-09-19,959.9930555555555
2024-09-20,959.9965277777778
2024-09-21,960.0
2024-09-22,960.5416666666666
2024-09-23,961.0
2024-09-24,960.9861111111111
2024-09-25,961.0
2024-09-26,958.375
2024-09-27,958.0
2024-09-28,958.0
2024-09-29,957.125
2024-09-30,957.8611111111111
2024-10-01,958.0
2024-10-02,957.7708333333334
2024-10-03,959.6774193548387
2024-10-04,960.0
2024-10-05,960.0
2024-10-06,960.0
2024-10-07,961.3472222222222
2024-10-08,960.9097222222222
2024-10-09,960.9965277777778
2024-10-10,961.0
2024-10-11,961.0
2024-10-12,961.0
2024-10-13,960.9305555555555
2024-10-14,961.0
2024-10-15,961.0
2024-10-16,961.0
2024-10-17,961.0
2024-10-18,962.0
2024-10-19,962.0
2024-10-20,963.0
2024-10-21,963.0
2024-10-22,962.0
2024-10-23,963.0
2024-10-24,963.0
2024-10-25,959.9861111111111
2024-10-26,960.0
2024-10-27,960.0
2024-10-28,960.0
2024-10-29,960.0
2024-10-30,960.0173611111111
2024-10-31,960.0
2024-11-01,960.0
2024-11-02,960.0
2024-11-03,960.0
2024-11-04,960.0
2024-11-05,960.0555555555555
2024-11-06,960.0208333333334
2024-11-07,960.0
2024-11-08,960.0
2024-11-09,960.0
2024-11-10,960.0
2024-11-11,960.0
2024-11-12,960.0
2024-11-13,960.0
2024-11-14,960.0
2024-11-15,960.0
2024-11-16,960.0
2024-11-17,960.0
2024-11-18,960.0
2024-11-19,959.125
2024-11-20,959.0
2024-11-21,959.0
2024-11-22,959.0
2024-11-23,959.0
2024-11-24,959.0
2024-11-25,958.9548611111111
2024-11-26,958.9965277777778
2024-11-27,959.0
2024-11-28,959.0
2024-11-29,959.0
2024-11-30,959.0
2024-12-01,959.0
2024-12-02,959.0
2024-12-03,959.0
2024-12-04,959.0
2024-12-05,958.9895833333334
2024-12-06,959.0
2024-12-07,959.0
2024-12-08,959.0
2024-12-09,959.0
2024-12-10,959.0
2024-12-11,964.6666666666666
2024-12-12,975.0
2024-12-13,975.0
2024-12-14,975.0
2024-12-15,975.0
2024-12-16,975.0
2024-12-17,975.0
2024-12-18,975.0
2024-12-19,975.0
2024-12-20,975.0
2024-12-21,975.0
2024-12-22,975.0
2024-12-23,975.0
2024-12-24,975.0
2024-12-25,975.0
2024-12-26,975.0
2024-12-27,975.0
2024-12-28,975.0
2024-12-29,975.0
2024-12-30,975.0
2024-12-31,974.9965277777778
2025-01-01,974.9895833333334
2025-01-02,975.1701388888889
2025-01-03,974.9965277777778
2025-01-04,975.0
2025-01-05,974.6805555555555
2025-01-06,974.7256944444445
2025-01-07,975.0
2025-01-08,975.0
2025-01-09,975.0
2025-01-10,975.0
2025-01-11,975.0
2025-01-12,975.0
2025-01-13,975.0
2025-01-14,975.0
2025-01-15,975.0
2025-01-16,975.0
2025-01-17,975.0
2025-01-18,975.0
2025-01-19,975.0
2025-01-20,975.0
2025-01-21,975.0
2025-01-22,975.0
2025-01-23,975.0
2025-01-24,975.0
2025-01-25,975.0
2025-01-26,975.0
2025-01-27,975.0
2025-01-28,975.0
2025-01-29,974.9097222222222
2025-01-30,975.0
2025-01-31,975.0
2025-02-01,975.0
2025-02-02,975.0
2025-02-03,975.0
2025-02-04,975.0
2025-02-05,975.0
2025-02-06,974.9201388888889
2025-02-07,975.0
2025-02-08,975.0
2025-02-09,975.0
2025-02-10,974.9791666666666
2025-02-11,975.0
2025-02-12,974.9930555555555
2025-02-13,975.0
2025-02-14,975.0
2025-02-15,975.0
2025-02-16,975.0
2025-02-17,975.0
2025-02-18,975.2986111111111
2025-02-19,976.0
2025-02-20,976.0
2025-02-21,976.0
2025-02-22,976.0
2025-02-23,975.9826388888889
2025-02-24,975.9895833333334
2025-02-25,976.0
2025-02-26,976.0
2025-02-27,976.0
2025-02-28,976.0
2025-03-01,976.0
2025-03-02,976.0
2025-03-03,975.9930555555555
2025-03-04,976.0
2025-03-05,976.0
2025-03-06,976.0
2025-03-07,975.9618055555555
2025-03-08,976.0
2025-03-09,976.0
2025-03-10,976.0
2025-03-11,976.0
2025-03-12,975.5868055555555
2025-03-13,975.0243055555555
2025-03-14,975.7708333333334
2025-03-15,976.0
2025-03-16,975.9965277777778
2025-03-17,975.7152777777778
2025-03-18,975.9791666666666
2025-03-19,976.0
2025-03-20,975.9548611111111
2025-03-21,975.9166666666666
2025-03-22,975.7361111111111
2025-03-23,976.0
2025-03-24,976.0
2025-03-25,976.0
2025-03-26,976.0
2025-03-27,975.9895833333334
2025-03-28,976.0
2025-03-29,976.0
2025-03-30,976.0
2025-03-31,976.0
2025-04-01,976.0
2025-04-02,976.0
2025-04-03,976.0
2025-04-04,976.0
2025-04-05,976.0
2025-04-06,976.0
2025-04-07,976.0
2025-04-08,976.0
2025-04-09,975.1319444444445
2025-04-10,975.0
2025-04-11,975.0
2025-04-12,975.0
2025-04-13,975.0
2025-04-14,975.1736111111111
2025-04-15,976.0
2025-04-16,975.9722222222222
2025-04-17,976.0
2025-04-18,976.0
2025-04-19,976.0
2025-04-20,976.0
2025-04-21,976.0
2025-04-22,976.0
2025-04-23,976.0
2025-04-24,975.9930555555555
2025-04-25,976.0
2025-04-26,976.0
2025-04-27,976.0
2025-04-28,976.0
2025-04-29,975.8923611111111
2025-04-30,975.9722222222222
2025-05-01,975.96875
2025-05-02,976.0
2025-05-03,975.4027777777778
2025-05-04,975.7951388888889
2025-05-05,975.3506944444445
2025-05-06,974.9895833333334
2025-05-07,975.0
2025-05-08,975.0
2025-05-09,975.0
2025-05-10,975.4131944444445
2025-05-11,975.9930555555555
2025-05-12,970.8611111111111
2025-05-13,968.0
2025-05-14,968.0
2025-05-15,968.0
2025-05-16,968.0
2025-05-17,968.0
2025-05-18,968.0
2025-05-19,968.0
2025-05-20,968.0
2025-05-21,968.0
2025-05-22,968.0
2025-05-23,968.0
2025-05-24,968.0
2025-05-25,968.0
2025-05-26,968.0
2025-05-27,968.0
2025-05-28,968.0
2025-05-29,968.0
2025-05-30,968.0
2025-05-31,968.0
2025-06-01,968.0
2025-06-02,968.0
2025-06-03,968.0
2025-06-04,968.0
2025-06-05,968.0
2025-06-06,968.0
2025-06-07,968.0
2025-06-08,968.0
2025-06-09,968.0
2025-06-10,968.0
2025-06-11,968.0
2025-06-12,968.0
2025-06-13,968.0
2025-06-14,968.0
2025-06-15,968.0
2025-06-16,968.0
2025-06-17,967.9965277777778
2025-06-18,968.0
2025-06-19,968.0
2025-06-20,968.0
2025-06-21,968.0
2025-06-22,968.0
2025-06-23,968.0
2025-06-24,968.0
2025-06-25,968.0
2025-06-26,968.0
2025-06-27,968.0
2025-06-28,968.0
2025-06-29,968.0
2025-06-30,968.0
2025-07-01,967.6979166666666
2025-07-02,968.0
2025-07-03,968.0
2025-07-04,968.0
2025-07-05,968.0
2025-07-06,968.0
2025-07-07,967.90625
2025-07-08,968.0
2025-07-09,968.0
2025-07-10,968.0
2025-07-11,967.9861111111111
2025-07-12,968.0
2025-07-13,968.0
2025-07-14,968.0
2025-07-15,968.0
2025-07-16,968.0
2025-07-17,967.8506944444445
2025-07-18,967.8715277777778
2025-07-19,967.0416666666666
2025-07-20,967.8958333333334
2025-07-21,968.0
2025-07-22,968.0
2025-07-23,967.9965277777778
2025-07-24,968.0
2025-07-25,968.0
2025-07-26,968.0
2025-07-27,968.0
2025-07-28,968.0
2025-07-29,968.0
2025-07-30,967.9166666666666
2025-07-31,968.3020833333334
2025-08-01,969.0
2025-08-02,969.0
2025-08-03,969.0
2025-08-04,969.0
2025-08-05,968.9479166666666
2025-08-06,968.4305555555555
2025-08-07,968.0
2025-08-08,968.4340277777778
2025-08-09,969.0
2025-08-10,968.9965277777778
2025-08-11,959.7708333333334
2025-08-12,969.0
2025-08-13,969.0
2025-08-14,969.0
2025-08-15,969.0
2025-08-16,969.0
2025-08-17,969.0
2025-08-18,968.9965277777778
2025-08-19,961.9097222222222
2025-08-20,968.4791666666666
2025-08-21,968.9930555555555
2025-08-22,969.0
2025-08-23,969.0
2025-08-24,968.9895833333334
2025-08-25,968.9825174825174
2025-08-26,969.0
2025-08-27,969.0
2025-08-28,969.0
2025-08-29,969.0
2025-08-30,968.8333333333334
2025-08-31,968.9930555555555
2025-09-01,968.9861111111111
2025-09-02,969.0
2025-09-03,969.0
2025-09-04,968.9930555555555
2025-09-05,968.7847222222222
2025-09-06,968.9305555555555
2025-09-07,969.0
2025-09-08,970.3541666666666
2025-09-09,971.0
2025-09-10,970.9965277777778
2025-09-11,970.0243055555555
2025-09-12,970.0
2025-09-13,970.0
2025-09-14,970.0
2025-09-15,970.0
2025-09-16,970.0
2025-09-17,970.0
2025-09-18,970.0
2025-09-19,969.2847222222222
2025-09-20,968.4305555555555
2025-09-21,970.0
2025-09-22,969.96875
2025-09-23,970.0
2025-09-24,970.0
2025-09-25,970.0
2025-09-26,970.0
2025-09-27,969.9722222222222
2025-09-28,970.0
2025-09-29,970.0
2025-09-30,970.0
2025-10-01,970.0
2025-10-02,970.0
2025-10-03,969.9583333333334
2025-10-04,970.0
2025-10-05,970.0
2025-10-06,970.0
2025-10-07,970.0
2025-10-08,970.53125
2025-10-09,971.0
2025-10-10,971.0
2025-10-11,971.0
2025-10-12,971.0
2025-10-13,971.0
2025-10-14,971.0
2025-10-15,971.0
2025-10-16,971.0
2025-10-17,971.0
2025-10-18,971.0
2025-10-19,971.0
2025-10-20,969.5069444444445
2025-10-21,970.2361111111111
2025-10-22,970.8467432950191
2025-10-23,970.0
2025-10-24,970.6527777777778
2025-10-25,971.0
2025-10-26,971.0
2025-10-27,971.0
2025-10-28,971.0
2025-10-29,971.0
2025-10-30,971.3333333333334
2025-10-31,972.0
2025-11-01,972.0
2025-11-02,972.0
2025-11-03,972.0
2025-11-04,972.0
2025-11-05,972.0
2025-11-06,966.3611111111111
2025-11-07,965.0
2025-11-08,965.0
2025-11-09,965.0
2025-11-10,965.0
2025-11-11,965.0
2025-11-12,965.0
2025-11-13,964.9965277777778
2025-11-14,964.9131944444445
2025-11-15,965.0
2025-11-16,965.0
2025-11-17,965.0
2025-11-18,965.0
2025-11-19,965.0
2025-11-20,964.6423611111111
2025-11-21,961.1979166666666
2025-11-22,963.0
2025-11-23,963.0
2025-11-24,963.0
2025-11-25,963.0
2025-11-26,962.9965277777778
2025-11-27,964.4444444444445
2025-11-28,965.0
2025-11-29,965.0
2025-11-30,965.0
2025-12-01,965.0
2025-12-02,965.0
2025-12-03,965.0
2025-12-04,964.9652777777778
2025-12-05,965.0
2025-12-06,965.0
2025-12-07,959.4722222222222
2025-12-08,957.0
2025-12-09,957.0
2025-12-10,957.0
2025-12-11,957.0
2025-12-12,957.0
2025-12-13,957.0
2025-12-14,957.0
2025-12-15,957.0
2025-12-16,957.0
2025-12-17,957.0
2025-12-18,957.0
2025-12-19,957.0
2025-12-20,957.0
2025-12-21,956.9965277777778
2025-12-22,957.0
2025-12-23,957.0
2025-12-24,957.0
2025-12-25,957.0
2025-12-26,957.0
2025-12-27,957.0
2025-12-28,957.0
2025-12-29,957.0
2025-12-30,957.0
2025-12-31,957.0
2026-01-01,957.0
2026-01-02,957.0
2026-01-03,957.0
2026-01-04,957.0
2026-01-05,957.0
2026-01-06,958.75
2026-01-07,964.7743055555555
2026-01-08,965.0
2026-01-09,965.0
2026-01-10,965.0
2026-01-11,965.0
2026-01-12,965.0
2026-01-13,965.0
2026-01-14,965.0
2026-01-15,965.0
2026-01-16,965.0
2026-01-17,965.0
2026-01-18,965.0
2026-01-19,965.0
2026-01-20,964.9861111111111
2026-01-21,965.0
2026-01-22,965.0
2026-01-23,965.0
2026-01-24,965.0
2026-01-25,965.0
2026-01-26,965.0
2026-01-27,965.0
2026-01-28,965.0
2026-01-29,965.0
2026-01-30,965.0
2026-01-31,965.0
2026-02-01,965.0
2026-02-02,965.0
2026-02-03,965.0
2026-02-04,965.0
2026-02-05,965.0
2026-02-06,965.0
2026-02-07,964.9409722222222
2026-02-08,965.0
2026-02-09,965.0
2026-02-10,965.0
2026-02-11,964.9027777777778
2026-02-12,964.7916666666666
2026-02-13,965.0
2026-02-14,965.0
2026-02-15,965.0
2026-02-16,965.0
2026-02-17,965.0
2026-02-18,965.0
2026-02-19,965.0
2026-02-20,965.0
2026-02-21,965.0
2026-02-22,964.6493055555555
2026-02-23,965.0
2026-02-24,965.0
2026-02-25,965.0
2026-02-26,965.0
2026-02-27,965.0
2026-02-28,965.0
2026-03-01,963.03125
2026-03-02,962.9375
2026-03-03,964.0
2026-03-04,963.8854166666666
2026-03-05,964.0
2026-03-06,964.0
2026-03-07,964.0
2026-03-08,964.0
2026-03-09,962.6701388888889
2026-03-10,962.0
2026-03-11,962.0
2026-03-12,962.0
2026-03-13,962.0
2026-03-14,962.0
2026-03-15,962.5173611111111
2026-03-16,963.0
2026-03-17,963.0
2026-03-18,963.0
2026-03-19,963.0
2026-03-20,963.0
2026-03-21,963.0
2026-03-22,963.0
2026-03-23,963.0
2026-03-24,963.0
2026-03-25,963.0
2026-03-26,963.0
2026-03-27,963.0
2026-03-28,963.0
2026-03-29,963.0
2026-03-30,963.0
2026-03-31,962.9513888888889
2026-04-01,963.0
2026-04-02,963.0
2026-04-03,963.0
2026-04-04,963.0
2026-04-05,963.0
2026-04-06,963.0
2026-04-07,962.7430555555555
2026-04-08,959.6631944444445
2026-04-09,954.0
2026-04-10,954.0
2026-04-11,954.0
2026-04-12,953.5763888888889
2026-04-13,954.0
2026-04-14,954.0
2026-04-15,954.0
2026-04-16,954.0
2026-04-17,954.0
2026-04-18,954.0
2026-04-19,954.0
2026-04-20,954.0
2026-04-21,953.0034722222222
2026-04-22,953.4722222222222
2026-04-23,954.0
2026-04-24,956.3402777777778
2026-04-25,961.0
2026-04-26,961.0
2026-04-27,961.0
2026-04-28,961.0
2026-04-29,961.0
2026-04-30,961.0
2026-05-01,960.9613526570048
2026-05-02,962.0
2026-05-03,962.0
2026-05-04,961.9965277777778
2026-05-05,962.0
2026-05-06,961.9583333333334
2026-05-07,962.0
2026-05-08,962.0
2026-05-09,962.0
2026-05-10,962.0
2026-05-11,962.0
2026-05-12,962.0
2026-05-13,962.0
2026-05-14,962.0
2026-05-15,962.0
2026-05-16,962.0
2026-05-17,962.0
2026-05-18,962.0
2026-05-19,961.1076388888889
2026-05-20,962.0
2026-05-21,961.9444444444445
2026-05-22,961.7708333333334
2026-05-23,961.9652777777778
2026-05-24,962.0
2026-05-25,962.0
2026-05-26,962.0
2026-05-27,962.0
2026-05-28,962.0
2026-05-29,962.0
2026-05-30,962.0
2026-05-31,962.0
2026-06-01,962.0
2026-06-02,962.0
2026-06-03,962.0
2026-06-04,962.0
2026-06-05,962.0
2026-06-06,962.0
2026-06-07,962.0
2026-06-08,962.0
2026-06-09,961.8837209302326
2026-06-10,962.0
2026-06-11,962.0
2026-06-12,962.0
2026-06-13,962.0
2026-06-14,962.0
2026-06-15,962.0
2026-06-16,962.0
2026-06-17,962.0
2026-06-18,961.9965277777778
2026-06-19,960.9375
2026-06-20,962.0
2026-06-21,962.0
2026-06-22,962.0
2026-06-23,962.0
2026-06-24,962.0
2026-06-25,962.0
2026-06-26,962.0
2026-06-27,962.0
2026-06-28,962.0
2026-06-29,961.8229166666666
2026-06-30,962.0
2026-07-01,962.0
2026-07-02,961.5659722222222
2026-07-03,962.0
2026-07-04,962.0
2026-07-05,962.0
2026-07-06,962.0
2026-07-07,962.0
2026-07-08,962.0
2026-07-09,962.0
2026-07-10,962.0
2026-07-11,962.0
2026-07-12,962.0
2026-07-13,962.0
2026-07-14,962.0
2026-07-15,962.0
2026-07-16,962.0
2026-07-17,962.0
2026-07-18,962.0
2026-07-19,962.0
2026-07-20,961.96875
2026-07-21,961.9166666666666
2026-07-22,962.0
2026-07-23,962.0
2026-07-24,962.0
2026-07-25,962.0
2026-07-26,962.0
2026-07-27,962.0
2026-07-28,962.0
2026-07-29,962.0
2026-07-30,962.0
2026-07-31,962.0
2026-08-01,962.0
2026-08-02,961.9861111111111
2026-08-03,962.0
2026-08-04,961.9722222222222
2026-08-05,962.0
2026-08-06,962.0
2026-08-07,961.9965277777778
2026-08-08,962.0
2026-08-09,961.0
2026-08-10,961.0
2026-08-11,960.9930555555555
2026-08-12,961.7291666666666
2026-08-13,962.0
2026-08-14,962.0
2026-08-15,962.0
2026-08-16,962.0
2026-08-17,962.0
2026-08-18,962.0
2026-08-19,962.0
2026-08-20,962.0
2026-08-21,962.0
2026-08-22,962.0
2026-08-23,962.0
2026-08-24,961.9930555555555
2026-08-25,962.0
2026-08-26,962.0
2026-08-27,961.9652777777778
2026-08-28,961.0
2026-08-29,961.0
2026-08-30,960.8888888888889
2026-08-31,961.0
2026-09-01,960.6388888888889
2026-09-02,961.0069444444445
2026-09-03,962.0
2026-09-04,962.0
2026-09-05,962.0
2026-09-06,962.0
2026-09-07,962.0
2026-09-08,961.7569444444445
2026-09-09,962.0
2026-09-10,961.9305555555555
2026-09-11,961.6041666666666
2026-09-12,962.0
2026-09-13,962.0
2026-09-14,962.0
2026-09-15,962.0
2026-09-16,962.0069444444445
2026-09-17,961.8333333333334
2026-09-18,962.0
2026-09-19,962.0
2026-09-20,962.0
2026-09-21,962.0
2026-09-22,962.0
2026-09-23,962.0
2026-09-24,962.0
2026-09-25,962.0
2026-09-26,962.0
2026-09-27,962.0
2026-09-28,962.0
2026-09-29,962.0
2026-09-30,962.0
2026-10-01,962.0
2026-10-02,962.0
2026-10-03,962.0
2026-10-04,962.0
2026-10-05,961.8611111111111
2026-10-06,962.0
