2022-08-29,37779.67479674797
2022-08-30,37674.76388888889
2022-08-31,37392.04861111111
2022-09-01,37379.48611111111
2022-09-02,37660.17361111111
2022-09-03,37510.020833333336
2022-09-04,37254.09027777778
2022-09-05,37639.145833333336
2022-09-06,37694.88888888889
2022-09-07,37663.666666666664
2022-09-08,37640.76388888889
2022-09-09,37633.881944444445
2022-09-10,37505.180555555555
2022-09-11,37271.833333333336
2022-09-12,37749.368055555555
2022-09-13,37798.76388888889
2022-09-14,37780.23611111111
2022-09-15,37708.416666666664
2022-09-16,37812.82638888889
2022-09-17,37653.145833333336
2022-09-18,37304.38888888889
2022-09-19,37776.770833333336
2022-09-20,37864.1875
2022-09-21,37880.0
2022-09-22,37890.458333333336
2022-09-23,37835.125
2022-09-24,37618.78472222222
2022-09-25,37381.92361111111
2022-09-26,37843.47222222222
2022-09-27,37916.770833333336
2022-09-28,37935.5625
2022-09-29,37977.46527777778
2022-09-30,37860.75
2022-10-01,37566.770833333336
2022-10-02,37332.45138888889
2022-10-03,37707.819444444445
2022-10-04,37632.145833333336
2022-10-05,37409.756944444445
2022-10-06,37590.21527777778
2022-10-07,37591.291666666664
2022-10-08,37347.59722222222
2022-10-09,37114.020833333336
2022-10-10,37458.11111111111
2022-10-11,37554.02777777778
2022-10-12,37517.34027777778
2022-10-13,37487.875
2022-10-14,37478.368055555555
2022-10-15,37355.59722222222
2022-10-16,37066.791666666664
2022-10-17,37469.02777777778
2022-10-18,37554.125
2022-10-19,36438.354166666664
2022-10-20,37529.381944444445
2022-10-21,37509.756944444445
2022-10-22,37327.52777777778
2022-10-23,37006.791666666664
2022-10-24,36985.57638888889
2022-10-25,37126.67361111111
2022-10-26,37192.11111111111
2022-10-27,37340.208333333336
2022-10-28,36800.59090909091
2022-10-29,36799.166666666664
2022-10-30,36850.07638888889
2022-10-31,37223.40277777778
2022-11-01,37326.645833333336
2022-11-02,37278.02777777778
2022-11-03,37401.95138888889
2022-11-04,37402.875
2022-11-05,37279.65972222222
2022-11-06,36989.13888888889
2022-11-07,37494.694444444445
2022-11-08,37320.256944444445
2022-11-09,37573.01388888889
2022-11-10,37603.38888888889
2022-11-11,37582.125
2022-11-12,37339.46527777778
2022-11-13,37054.32638888889
2022-11-14,37520.52777777778
2022-11-15,37614.48611111111
2022-11-16,37596.583333333336
2022-11-17,37668.57638888889
2022-11-18,37557.99290780142
2022-11-19,36820.57638888889
2022-11-20,37194.979166666664
2022-11-21,37567.15277777778
2022-11-22,37602.694444444445
2022-11-23,37662.67361111111
2022-11-24,37620.229166666664
2022-11-25,37459.71527777778
2022-11-26,37234.40972222222
2022-11-27,36899.48611111111
2022-11-28,37229.694444444445
2022-11-29,37058.125
2022-11-30,35477.75
2022-12-01,37108.02777777778
2022-12-02,36985.958333333336
2022-12-03,36828.791666666664
2022-12-04,36406.243055555555
2022-12-05,36866.78472222222
2022-12-06,36857.979166666664
2022-12-07,36859.631944444445
2022-12-08,36833.979166666664
2022-12-09,36702.666666666664
2022-12-10,36400.125
2022-12-11,36190.59027777778
2022-12-12,36711.625
2022-12-13,36754.01388888889
2022-12-14,36751.333333333336
2022-12-15,36635.368055555555
2022-12-16,36763.36111111111
2022-12-17,36613.42361111111
2022-12-18,36237.868055555555
2022-12-19,36704.46527777778
2022-12-20,36764.395833333336
2022-12-21,36804.993055555555
2022-12-22,36436.71428571428
2023-01-05,37127.828125
2023-01-06,36878.17361111111
2023-01-07,36721.618055555555
2023-01-08,36442.354166666664
2023-01-09,36820.82638888889
2023-01-10,36825.333333333336
2023-01-11,36839.09722222222
2023-01-12,36833.895833333336
2023-01-13,36819.63888888889
2023-01-14,36490.07638888889
2023-01-15,36088.194444444445
2023-01-16,36505.895833333336
2023-01-17,36661.708333333336
2023-01-18,36672.118055555555
2023-01-19,36785.5625
2023-01-20,36704.40972222222
2023-01-21,36629.194444444445
2023-01-22,36263.375
2023-01-23,36624.46527777778
2023-01-24,36331.26388888889
2023-01-25,36286.520833333336
2023-01-26,35990.17361111111
2023-01-27,36327.166666666664
2023-01-28,36033.1875
2023-01-29,35494.743055555555
2023-01-30,36157.03472222222
2023-01-31,36260.375
2023-02-01,36311.416666666664
2023-02-02,36313.729166666664
2023-02-03,36292.1875
2023-02-04,36252.756944444445
2023-02-05,35901.375
2023-02-06,36023.854166666664
2023-02-07,36291.71527777778
2023-02-08,36478.458333333336
2023-02-09,36451.819444444445
2023-02-10,36466.104166666664
2023-02-11,36233.72222222222
2023-02-12,36004.53472222222
2023-02-13,36343.895833333336
2023-02-14,36411.243055555555
2023-02-15,36402.32638888889
2023-02-16,36389.166666666664
2023-02-17,36418.97222222222
2023-02-18,36169.52777777778
2023-02-19,35986.61111111111
2023-02-20,36446.52777777778
2023-02-21,36390.104166666664
2023-02-22,36450.38888888889
2023-02-23,36459.694444444445
2023-02-24,36447.006944444445
2023-02-25,35923.045454545456
2023-02-26,35983.5
2023-02-27,36244.416666666664
2023-02-28,36356.555555555555
2023-03-01,36275.48611111111
2023-03-02,36312.09027777778
2023-03-03,36389.72222222222
2023-03-04,36223.71527777778
2023-03-05,35899.569444444445
2023-03-06,36248.63888888889
2023-03-07,36188.36111111111
2023-03-08,36235.333333333336
2023-03-09,36331.805555555555
2023-03-10,36483.166666666664
2023-03-11,36332.46527777778
2023-03-12,36066.63888888889
2023-03-13,36491.069444444445
2023-03-14,36361.09722222222
2023-03-15,36240.555555555555
2023-03-16,36281.01388888889
2023-03-17,36265.01388888889
2023-03-18,36058.4375
2023-03-19,35838.17361111111
2023-03-20,36292.52777777778
2023-03-21,36346.0625
2023-03-22,36256.631944444445
2023-03-23,36317.493055555555
2023-03-24,36170.104166666664
2023-03-25,35866.26388888889
2023-03-26,35862.694444444445
2023-03-27,36302.458333333336
2023-03-28,36300.569444444445
2023-03-29,36366.881944444445
2023-03-30,36226.77777777778
2023-03-31,36202.46527777778
2023-04-01,36007.26388888889
2023-04-02,35795.104166666664
2023-04-03,36103.22222222222
2023-04-04,35964.125
2023-04-05,36021.805555555555
2023-04-06,36077.27777777778
2023-04-07,35953.17361111111
2023-04-08,35734.34027777778
2023-04-09,35730.52777777778
2023-04-10,36086.319444444445
2023-04-11,36078.583333333336
2023-04-12,36133.40277777778
2023-04-13,35907.95138888889
2023-04-14,35841.083333333336
2023-04-15,35754.03472222222
2023-04-16,35635.229166666664
2023-04-17,35950.15277777778
2023-04-18,36066.375
2023-04-19,36030.854166666664
2023-04-20,35928.5
2023-04-21,35970.125
2023-04-22,35748.868055555555
2023-04-23,35498.84722222222
2023-04-24,35922.59722222222
2023-04-25,35894.569444444445
2023-04-26,35385.181818181816
2023-04-27,35478.22222222222
2023-04-28,35908.1875
2023-04-29,35738.880952380954
2023-05-04,35843.01438848921
2023-05-05,35730.8125
2023-05-06,35562.625
2023-05-07,35236.23611111111
2023-05-08,35591.243055555555
2023-05-09,35471.104166666664
2023-05-10,35559.708333333336
2023-05-11,35653.618055555555
2023-05-12,35581.40972222222
2023-05-13,35487.944444444445
2023-05-14,35079.729166666664
2023-05-15,35574.319444444445
2023-05-16,35669.368055555555
2023-05-17,35581.541666666664
2023-05-18,35435.20979020979
2023-05-19,35649.59027777778
2023-05-20,35516.708333333336
2023-05-21,35067.84722222222
2023-05-22,35500.22222222222
2023-05-23,35507.59722222222
2023-05-24,35470.04861111111
2023-05-25,35246.069444444445
2023-05-26,35339.145833333336
2023-05-27,35253.40972222222
2023-05-28,34995.1875
2023-05-29,35258.63888888889
2023-05-30,35206.03472222222
2023-05-31,35249.256944444445
2023-06-01,35163.819444444445
2023-06-02,35190.791666666664
2023-06-03,34999.20138888889
2023-06-04,34633.354166666664
2023-06-05,35151.17361111111
2023-06-06,35256.743055555555
2023-06-07,35278.645833333336
2023-06-08,35309.180555555555
2023-06-09,35337.21527777778
2023-06-10,35113.069444444445
2023-06-11,34911.02777777778
2023-06-12,35289.270833333336
2023-06-13,35328.54861111111
2023-06-14,35323.02777777778
2023-06-15,35318.0
2023-06-16,35288.21527777778
2023-06-17,35180.75
2023-06-18,34886.5625
2023-06-19,35306.04861111111
2023-06-20,35292.73611111111
2023-06-21,35358.36111111111
2023-06-22,35406.625
2023-06-23,35404.76388888889
2023-06-24,35189.90277777778
2023-06-25,34616.63636363636
2023-06-26,35250.395833333336
2023-06-27,35256.17361111111
2023-06-28,35240.3125
2023-06-29,35039.5
2023-06-30,35135.069444444445
2023-07-01,34988.805555555555
2023-07-02,34748.131944444445
2023-07-03,35093.53472222222
2023-07-04,35155.479166666664
2023-07-05,35146.34722222222
2023-07-06,35171.15972222222
2023-07-07,35252.3125
2023-07-08,35111.604166666664
2023-07-09,34775.22222222222
2023-07-10,35187.11111111111
2023-07-11,35334.930555555555
2023-07-12,35412.4375
2023-07-13,35368.98611111111
2023-07-14,35355.833333333336
2023-07-15,35265.36111111111
2023-07-16,35027.6875
2023-07-17,35414.70138888889
2023-07-18,35449.1875
2023-07-19,35424.291666666664
2023-07-20,35421.993055555555
2023-07-21,35396.743055555555
2023-07-22,35291.006944444445
2023-07-23,35005.020833333336
2023-07-24,35357.444444444445
2023-07-25,35392.77777777778
2023-07-26,35404.291666666664
2023-07-27,35354.0625
2023-07-28,35302.84027777778
2023-07-29,35181.5
2023-07-30,34943.40277777778
2023-07-31,35261.631944444445
2023-08-01,35354.88888888889
2023-08-02,35426.118055555555
2023-08-03,35464.875
2023-08-04,35529.71527777778
2023-08-05,35435.51388888889
2023-08-06,35135.73611111111
2023-08-07,35591.416666666664
2023-08-08,35588.944444444445
2023-08-09,35590.01388888889
2023-08-10,35585.15972222222
2023-08-11,35574.32638888889
2023-08-12,35303.72222222222
2023-08-13,35022.354166666664
2023-08-14,35426.65277777778
2023-08-15,35242.430555555555
2023-08-16,35490.125
2023-08-17,35420.59722222222
2023-08-18,35408.03472222222
2023-08-19,35294.4375
2023-08-20,35023.96527777778
2023-08-21,35448.36111111111
2023-08-22,35477.569444444445
2023-08-23,35502.9375
2023-08-24,35065.27272727273
2023-08-25,35249.006944444445
2023-08-26,35145.993055555555
2023-08-27,34882.4375
2023-08-28,35230.01388888889
2023-08-29,35178.04861111111
2023-08-30,35206.63888888889
2023-08-31,35175.229166666664
2023-09-01,35114.71527777778
2023-09-02,34976.680555555555
2023-09-03,34739.07638888889
2023-09-04,35118.604166666664
2023-09-05,34813.625
2023-09-06,34824.46527777778
2023-09-07,35159.23611111111
2023-09-08,35249.92361111111
2023-09-09,35106.03472222222
2023-09-10,34809.52777777778
2023-09-11,35161.47222222222
2023-09-12,35300.53472222222
2023-09-13,35332.48611111111
2023-09-14,35293.90277777778
2023-09-15,35268.833333333336
2023-09-16,35086.76388888889
2023-09-17,34857.069444444445
2023-09-18,35022.67361111111
2023-09-19,35129.256944444445
2023-09-20,35144.38888888889
2023-09-21,35279.36111111111
2023-09-22,35200.3125
2023-09-23,33934.811475409835
2023-09-24,34699.63888888889
2023-09-25,35111.694444444445
2023-09-26,35082.708333333336
2023-09-27,35002.04861111111
2023-09-28,34664.27777777778
2023-09-29,34686.180555555555
2023-09-30,34569.29861111111
2023-10-01,34296.416666666664
2023-10-02,34331.9375
2023-10-03,34737.75
2023-10-04,34676.305555555555
2023-10-05,34783.59027777778
2023-10-06,34782.5625
2023-10-07,34387.612676056335
2023-10-08,34451.95138888889
2023-10-09,34805.1875
2023-10-10,34658.006944444445
2023-10-11,34684.041666666664
2023-10-12,34769.868055555555
2023-10-13,34814.875
2023-10-14,34707.36111111111
2023-10-15,34527.52777777778
2023-10-16,34883.09722222222
2023-10-17,34865.09722222222
2023-10-18,34918.0625
2023-10-19,34635.604166666664
2023-10-20,34808.104166666664
2023-10-21,34663.430555555555
2023-10-22,34373.3125
2023-10-23,34224.545454545456
2023-10-24,34467.666666666664
2023-10-25,34696.4375
2023-10-26,34569.875
2023-10-27,34617.444444444445
2023-10-28,34460.645833333336
2023-10-29,34219.381944444445
2023-10-30,34577.180555555555
2023-10-31,34486.45138888889
2023-11-01,34556.40972222222
2023-11-02,34613.756944444445
2023-11-03,34645.09722222222
2023-11-04,34521.48611111111
2023-11-05,34329.333333333336
2023-11-06,34716.381944444445
2023-11-07,34690.82638888889
2023-11-08,34634.930555555555
2023-11-09,34643.73611111111
2023-11-10,34580.756944444445
2023-11-11,34417.42361111111
2023-11-12,34274.0625
2023-11-13,34393.875
2023-11-14,34436.04861111111
2023-11-15,34433.354166666664
2023-11-16,34660.666666666664
2023-11-17,34592.6875
2023-11-18,34527.680555555555
2023-11-19,33018.73188405797
2023-11-20,34702.17361111111
2023-11-21,34612.618055555555
2023-11-22,34588.07638888889
2023-11-23,34408.104166666664
2023-11-24,34407.625
2023-11-25,34252.13888888889
2023-11-26,33933.479166666664
2023-11-27,34273.26388888889
2023-11-28,34334.666666666664
2023-11-29,34247.020833333336
2023-11-30,34218.20138888889
2023-12-01,34245.895833333336
2023-12-02,34317.42361111111
2023-12-03,34004.583333333336
2023-12-04,33422.743055555555
2023-12-05,33451.84722222222
2023-12-06,33986.86111111111
2023-12-07,34037.38888888889
2023-12-08,34070.73611111111
2023-12-09,33856.395833333336
2023-12-10,33612.270833333336
2023-12-11,34027.86111111111
2023-12-12,34133.84027777778
2023-12-13,34201.020833333336
2023-12-14,34168.25
2023-12-15,34115.145833333336
2023-12-16,33865.79861111111
2023-12-17,33814.90277777778
2023-12-18,34151.98611111111
2023-12-19,34171.46527777778
2023-12-20,34130.4375
2023-12-21,34128.458333333336
2023-12-22,33732.818181818184
2023-12-23,33887.118055555555
2023-12-24,33661.02777777778
2023-12-25,33806.0625
2023-12-26,33965.92361111111
2023-12-27,33865.67361111111
2023-12-28,33812.63888888889
2023-12-29,33865.45138888889
2023-12-30,33823.22222222222
2023-12-31,33561.243055555555
2024-01-01,33772.61111111111
2024-01-02,33865.770833333336
2024-01-03,33920.23611111111
2024-01-04,33964.944444444445
2024-01-05,33998.145833333336
2024-01-06,33996.506944444445
2024-01-07,33740.270833333336
2024-01-08,34060.618055555555
2024-01-09,34053.868055555555
2024-01-10,34076.368055555555
2024-01-11,34144.54861111111
2024-01-12,34075.57638888889
2024-01-13,33927.493055555555
2024-01-14,33668.958333333336
2024-01-15,33858.604166666664
2024-01-16,34013.42361111111
2024-01-17,34022.041666666664
2024-01-18,34036.03472222222
2024-01-19,34116.38888888889
2024-01-20,33983.180555555555
2024-01-21,33611.520833333336
2024-01-22,34000.541666666664
2024-01-23,34002.541666666664
2024-01-24,34012.04861111111
2024-01-25,33922.5625
2024-01-26,33716.631944444445
2024-01-27,33849.493055555555
2024-01-28,33654.979166666664
2024-01-29,33909.28472222222
2024-01-30,33892.541666666664
2024-01-31,33853.82638888889
2024-02-01,33870.25
2024-02-02,33944.979166666664
2024-02-03,33869.97222222222
2024-02-04,33562.09027777778
2024-02-05,33944.180555555555
2024-02-06,34097.631944444445
2024-02-07,34109.305555555555
2024-02-08,34154.96527777778
2024-02-09,34065.72222222222
2024-02-10,33794.756944444445
2024-02-11,33589.0
2024-02-12,33938.354166666664
2024-02-13,33909.729166666664
2024-02-14,33955.208333333336
2024-02-15,33972.51388888889
2024-02-16,33981.98611111111
2024-02-17,33877.180555555555
2024-02-18,33583.90277777778
2024-02-19,33861.631944444445
2024-02-20,33447.09090909091
2024-02-21,33964.493055555555
2024-02-22,33901.569444444445
2024-02-23,33864.020833333336
2024-02-24,33680.70138888889
2024-02-25,33416.22222222222
2024-02-26,33736.45138888889
2024-02-27,33577.083333333336
2024-02-28,33767.493055555555
2024-02-29,33768.4375
2024-03-01,33740.76388888889
2024-03-02,33606.5
2024-03-03,33375.819444444445
2024-03-04,33838.541666666664
2024-03-05,33794.493055555555
2024-03-06,33962.305555555555
2024-03-07,33938.458333333336
2024-03-08,33833.76388888889
2024-03-09,33682.078571428574
2024-03-10,33452.28472222222
2024-03-11,33863.006944444445
2024-03-12,33933.90972222222
2024-03-13,33934.118055555555
2024-03-14,33982.01388888889
2024-03-15,33938.34722222222
2024-03-16,33871.5
2024-03-17,33578.09090909091
2024-03-18,33533.61261261261
2024-03-19,33969.06140350877
2024-03-20,33856.51515151515
2024-03-21,33867.555555555555
2024-03-22,33817.0625
2024-03-23,33563.48611111111
2024-03-24,33202.291666666664
2024-03-25,33201.70138888889
2024-03-26,32431.51388888889
2024-03-27,32455.131944444445
2024-03-28,33470.875
2024-03-29,33308.854166666664
2024-03-30,33364.54861111111
2024-03-31,33161.555555555555
2024-04-01,33467.90277777778
2024-04-02,33500.72222222222
2024-04-03,33536.555555555555
2024-04-04,33543.59722222222
2024-04-05,33559.305555555555
2024-04-06,33479.65277777778
2024-04-07,33210.5
2024-04-08,33533.833333333336
2024-04-09,33472.09027777778
2024-04-10,33426.22222222222
2024-04-11,33139.506944444445
2024-04-12,33329.28472222222
2024-04-13,32547.524822695035
2024-04-14,33054.479166666664
2024-04-15,33452.569444444445
2024-04-16,33457.51388888889
2024-04-17,33384.01388888889
2024-04-18,33364.72222222222
2024-04-19,33249.354166666664
2024-04-20,32796.181818181816
2024-04-21,32679.243055555555
2024-04-22,33165.36111111111
2024-04-23,33165.131944444445
2024-04-24,33185.055555555555
2024-04-25,33139.118055555555
2024-04-26,32941.98611111111
2024-04-27,32855.555555555555
2024-04-28,32662.930555555555
2024-04-29,32966.84722222222
2024-04-30,32949.381944444445
2024-05-01,32852.104166666664
2024-05-02,33064.0625
2024-05-03,33063.368055555555
2024-05-04,32964.993055555555
2024-05-05,32685.020833333332
2024-05-06,32928.208333333336
2024-05-07,32696.652777777777
2024-05-08,32809.395833333336
2024-05-09,32780.881944444445
2024-05-10,32652.395833333332
2024-05-11,32502.569444444445
2024-05-12,32341.9375
2024-05-13,32617.722222222223
2024-05-14,32712.75
2024-05-15,32729.027777777777
2024-05-16,32682.70138888889
2024-05-17,32639.391304347828
2024-05-18,32528.604166666668
2024-05-19,32267.92361111111
2024-05-20,32537.45138888889
2024-05-21,32612.479166666668
2024-05-22,32561.07638888889
2024-05-23,32595.98611111111
2024-05-24,32563.784722222223
2024-05-25,32410.458333333332
2024-05-26,32178.67361111111
2024-05-27,32439.625
2024-05-28,32291.319444444445
2024-05-29,32188.3125
2024-05-30,31668.95138888889
2024-05-31,57739.0625
2024-06-01,61167.444444444445
2024-06-02,60816.180555555555
2024-06-03,61277.70138888889
2024-06-04,61074.631944444445
2024-06-05,61256.791666666664
2024-06-06,61064.34027777778
2024-06-07,61379.819444444445
2024-06-08,61171.916666666664
2024-06-09,60988.444444444445
2024-06-10,61474.0
2024-06-11,61540.0625
2024-06-12,61557.118055555555
2024-06-13,61366.868055555555
2024-06-14,61414.78472222222
2024-06-15,61136.618055555555
2024-06-16,60967.65972222222
2024-06-17,61163.77777777778
2024-06-18,61108.625
2024-06-19,60868.13636363636
2024-06-20,61615.993055555555
2024-06-21,61604.618055555555
2024-06-22,61495.104166666664
2024-06-23,61115.84027777778
2024-06-24,61417.583333333336
2024-06-25,61304.680555555555
2024-06-26,61126.208333333336
2024-06-27,61299.381944444445
2024-06-28,61407.86111111111
2024-06-29,61276.09027777778
2024-06-30,60946.84722222222
2024-07-01,61460.694444444445
2024-07-02,61433.21527777778
2024-07-03,61468.46527777778
2024-07-04,61533.868055555555
2024-07-05,61490.958333333336
2024-07-06,60631.718309859156
2024-07-07,60944.70138888889
2024-07-08,60869.52777777778
2024-07-09,61269.791666666664
2024-07-10,61432.36111111111
2024-07-11,61283.180555555555
2024-07-12,61338.895833333336
2024-07-13,61104.479166666664
2024-07-14,60819.916666666664
2024-07-15,61204.930555555555
2024-07-16,61140.083333333336
2024-07-17,61140.375
2024-07-18,61189.97222222222
2024-07-19,61242.82638888889
2024-07-20,61103.53472222222
2024-07-21,60796.020833333336
2024-07-22,61160.395833333336
2024-07-23,61109.15277777778
2024-07-24,61056.3125
2024-07-25,60837.61538461538
2024-07-26,61063.366197183095
2024-07-28,63714.7
2024-07-29,63897.118055555555
2024-07-30,63816.54861111111
2024-07-31,63866.993055555555
2024-08-01,63829.90972222222
2024-08-02,63707.42361111111
2024-08-03,63561.78472222222
2024-08-04,63167.145833333336
2024-08-05,63203.194444444445
2024-08-06,63765.645833333336
2024-08-07,63669.21527777778
2024-08-08,63735.555555555555
2024-08-09,63470.993055555555
2024-08-10,63053.32638888889
2024-08-11,62667.368055555555
2024-08-12,63091.145833333336
2024-08-13,63058.02777777778
2024-08-14,62773.34722222222
2024-08-15,62431.569444444445
2024-08-16,62679.15972222222
2024-08-17,62399.67361111111
2024-08-18,61707.59090909091
2024-08-19,62200.8125
2024-08-20,62280.76388888889
2024-08-21,62250.270833333336
2024-08-22,62295.42361111111
2024-08-23,62140.708333333336
2024-08-24,61752.46153846154
2024-08-25,61604.46527777778
2024-08-26,61864.90277777778
2024-08-27,62050.958333333336
2024-08-28,62066.520833333336
2024-08-29,62074.59722222222
2024-08-30,62108.958333333336
2024-08-31,61978.805555555555
2024-09-01,61584.6875
2024-09-02,62172.22222222222
2024-09-03,62147.71527777778
2024-09-04,62195.34722222222
2024-09-05,62224.506944444445
2024-09-06,62149.40277777778
2024-09-07,61881.708333333336
2024-09-08,61509.65972222222
2024-09-09,62108.645833333336
2024-09-10,62170.208333333336
2024-09-11,62058.8125
2024-09-12,62143.020833333336
2024-09-13,62058.819444444445
2024-09-14,61791.229166666664
2024-09-15,61512.208333333336
2024-09-16,61852.868055555555
2024-09-17,61865.694444444445
2024-09-18,62100.166666666664
2024-09-19,62190.8125
2024-09-20,62154.20138888889
2024-09-21,61867.82638888889
2024-09-22,61440.42361111111
2024-09-23,61359.458333333336
2024-09-24,60769.61111111111
2024-09-25,61384.020833333336
2024-09-26,61607.97142857143
2024-09-27,64985.854166666664
2024-09-28,64854.1875
2024-09-29,64399.625
2024-09-30,64877.881944444445
2024-10-01,64905.90972222222
2024-10-02,64697.96527777778
2024-10-03,64895.583333333336
2024-10-04,65022.458333333336
2024-10-05,64826.291666666664
2024-10-06,64261.875
2024-10-07,64725.38888888889
2024-10-08,64472.98611111111
2024-10-09,64564.72222222222
2024-10-10,64567.17361111111
2024-10-11,63883.291666666664
2024-10-12,63965.13888888889
2024-10-13,63837.319444444445
2024-10-14,64490.73611111111
2024-10-15,64364.895833333336
2024-10-16,64371.9375
2024-10-17,63768.818181818184
2024-10-18,64491.930555555555
2024-10-19,64164.71527777778
2024-10-20,63748.0
2024-10-21,64344.75
2024-10-22,64063.70138888889
2024-10-23,63993.131944444445
2024-10-24,63866.01388888889
2024-10-25,63656.291666666664
2024-10-26,63519.493055555555
2024-10-27,63297.694444444445
2024-10-28,63864.0625
2024-10-29,63941.006944444445
2024-10-30,63768.57638888889
2024-10-31,63424.368055555555
2024-11-01,63467.54861111111
2024-11-02,63445.59722222222
2024-11-03,63208.26388888889
2024-11-04,63892.930555555555
2024-11-05,63825.77777777778
2024-11-06,63803.493055555555
2024-11-07,63864.319444444445
2024-11-08,63827.083333333336
2024-11-09,63693.62857142857
2024-11-10,63336.631944444445
2024-11-11,63736.444444444445
2024-11-12,63947.895833333336
2024-11-13,63882.71527777778
2024-11-14,63859.34027777778
2024-11-15,63690.9375
2024-11-16,63659.104166666664
2024-11-17,63265.125
2024-11-18,63735.03472222222
2024-11-19,63946.35211267605
2024-11-20,63834.520833333336
2024-11-21,63921.618055555555
2024-11-22,63843.6875
2024-11-23,63538.805555555555
2024-11-24,63125.65277777778
2024-11-25,63414.208333333336
2024-11-26,63430.430555555555
2024-11-27,63338.256944444445
2024-11-28,63404.22222222222
2024-11-29,63384.78472222222
2024-11-30,63191.868055555555
2024-12-01,62858.041666666664
2024-12-02,63362.79861111111
2024-12-03,63262.65277777778
2024-12-04,63296.95138888889
2024-12-05,63251.319444444445
2024-12-06,63162.28472222222
2024-12-07,62946.32638888889
2024-12-08,62386.8125
2024-12-09,62961.743055555555
2024-12-10,63012.71527777778
2024-12-11,62985.77777777778
2024-12-12,62976.625
2024-12-13,62785.708333333336
2024-12-14,62646.680555555555
2024-12-15,62303.833333333336
2024-12-16,62162.5
2024-12-17,62746.15972222222
2024-12-18,62864.145833333336
2024-12-19,62840.86111111111
2024-12-20,62828.96527777778
2024-12-21,62449.368055555555
2024-12-22,62099.20138888889
2024-12-23,62331.854166666664
2024-12-24,62297.73611111111
2024-12-25,62078.555555555555
2024-12-26,62291.583333333336
2024-12-27,61940.83687943262
2024-12-28,61799.40277777778
2024-12-29,61691.541666666664
2024-12-30,62160.61111111111
2024-12-31,62247.78472222222
2025-01-01,62242.26388888889
2025-01-02,62263.79861111111
2025-01-03,62287.23611111111
2025-01-04,62148.51388888889
2025-01-05,61802.180555555555
2025-01-06,62258.180555555555
2025-01-07,62251.805555555555
2025-01-08,62085.645833333336
2025-01-09,62170.854166666664
2025-01-10,62241.416666666664
2025-01-11,61940.229166666664
2025-01-12,61668.88888888889
2025-01-13,62055.493055555555
2025-01-14,61770.22222222222
2025-01-15,61928.8125
2025-01-16,62007.541666666664
2025-01-17,62250.84722222222
2025-01-18,62061.6875
2025-01-19,61613.09027777778
2025-01-20,62102.916666666664
2025-01-21,62191.125
2025-01-22,62158.1875
2025-01-23,61994.90277777778
2025-01-24,61823.27906976744
2025-01-27,63692.634146341465
2025-01-28,64100.854166666664
2025-01-29,64196.118055555555
2025-01-30,64280.57638888889
2025-01-31,64298.131944444445
2025-02-01,64189.368055555555
2025-02-02,63868.916666666664
2025-02-03,64291.53472222222
2025-02-04,64206.305555555555
2025-02-05,64078.125
2025-02-06,64146.069444444445
2025-02-07,64144.21527777778
2025-02-08,63872.38888888889
2025-02-09,63636.15972222222
2025-02-10,64128.944444444445
2025-02-11,64090.84722222222
2025-02-12,63937.52777777778
2025-02-13,63994.208333333336
2025-02-14,63302.5
2025-02-15,63704.0
2025-02-16,63216.819444444445
2025-02-17,63803.430555555555
2025-02-18,63876.604166666664
2025-02-19,63658.86111111111
2025-02-20,63616.20138888889
2025-02-21,63673.243055555555
2025-02-22,63561.708333333336
2025-02-23,63212.75
2025-02-24,63321.583333333336
2025-02-25,63144.53472222222
2025-02-26,63052.59027777778
2025-02-27,63332.354166666664
2025-02-28,63274.97222222222
2025-03-01,63153.0625
2025-03-02,62981.895833333336
2025-03-03,63391.930555555555
2025-03-04,63254.583333333336
2025-03-05,63250.020833333336
2025-03-06,63152.32638888889
2025-03-07,63306.680555555555
2025-03-08,63221.04861111111
2025-03-09,62936.34722222222
2025-03-10,63410.770833333336
2025-03-11,63388.125
2025-03-12,63256.743055555555
2025-03-13,63211.32638888889
2025-03-14,62859.52777777778
2025-03-15,63002.666666666664
2025-03-16,62504.92253521127
2025-03-17,63108.46527777778
2025-03-18,63044.020833333336
2025-03-19,63154.229166666664
2025-03-20,63079.67361111111
2025-03-21,62965.5
2025-03-22,62871.944444444445
2025-03-23,62588.3125
2025-03-24,62919.694444444445
2025-03-25,61231.60431654676
2025-03-26,62703.28472222222
2025-03-27,62140.70138888889
2025-03-28,62726.583333333336
2025-03-29,61564.514285714286
2025-03-30,62472.03472222222
2025-03-31,62670.97222222222
2025-04-01,62872.958333333336
2025-04-02,62783.444444444445
2025-04-03,62590.88888888889
2025-04-04,62798.84027777778
2025-04-05,62775.583333333336
2025-04-06,62358.45138888889
2025-04-07,62690.381944444445
2025-04-08,62378.270833333336
2025-04-09,62787.73611111111
2025-04-10,62627.444444444445
2025-04-11,62806.541666666664
2025-04-12,62666.59027777778
2025-04-13,62481.743055555555
2025-04-14,62625.54861111111
2025-04-15,62341.818181818184
2025-04-16,62748.98611111111
2025-04-17,62768.07638888889
2025-04-18,62500.569444444445
2025-04-19,62548.375
2025-04-20,62136.104166666664
2025-04-21,62304.5
2025-04-22,62350.32638888889
2025-04-23,62666.694444444445
2025-04-24,62447.083333333336
2025-04-25,62325.416666666664
2025-04-26,62183.59722222222
2025-04-27,61965.21527777778
2025-04-28,62362.666666666664
2025-04-29,62406.395833333336
2025-04-30,61346.84722222222
2025-05-01,61886.895833333336
2025-05-02,61910.73611111111
2025-05-03,61970.42361111111
2025-05-04,61513.375
2025-05-05,61920.625
2025-05-06,61849.020833333336
2025-05-07,61926.61111111111
2025-05-08,61945.319444444445
2025-05-09,61799.104166666664
2025-05-10,61507.15972222222
2025-05-11,61376.305555555555
2025-05-12,61818.71527777778
2025-05-13,61985.604166666664
2025-05-14,61914.770833333336
2025-05-15,61885.055555555555
2025-05-16,61764.32638888889
2025-05-17,61468.430555555555
2025-05-18,61166.041666666664
2025-05-19,61657.84027777778
2025-05-20,61597.46527777778
2025-05-21,61306.59722222222
2025-05-22,61448.180555555555
2025-05-23,61488.2323943662
2025-05-24,60956.104166666664
2025-05-25,60455.38888888889
2025-05-26,60949.25
2025-05-27,61058.819444444445
2025-05-28,61244.0625
2025-05-29,61187.01388888889
2025-05-30,61135.59722222222
2025-05-31,61195.73611111111
2025-06-01,60925.166666666664
2025-06-02,61289.98611111111
2025-06-03,61303.270833333336
2025-06-04,61324.854166666664
2025-06-05,61416.77777777778
2025-06-06,61125.405594405594
2025-06-07,61117.1875
2025-06-08,60599.34027777778
2025-06-09,61229.041666666664
2025-06-10,61316.118055555555
2025-06-11,61259.791666666664
2025-06-12,61322.541666666664
2025-06-13,61434.395833333336
2025-06-14,60687.545454545456
2025-06-15,60883.82638888889
2025-06-16,61385.756944444445
2025-06-17,61384.430555555555
2025-06-18,61392.67361111111
2025-06-19,61234.569444444445
2025-06-20,61343.71527777778
2025-06-21,61162.88888888889
2025-06-22,58974.5462962963
2025-06-23,61098.541666666664
2025-06-24,60829.84722222222
2025-06-25,60792.569444444445
2025-06-26,60758.5
2025-06-27,60722.583333333336
2025-06-28,60710.63888888889
2025-06-29,60234.36111111111
2025-06-30,60517.88888888889
2025-07-01,60652.29861111111
2025-07-02,60611.97222222222
2025-07-03,60317.01388888889
2025-07-04,60831.791666666664
2025-07-05,60794.006944444445
2025-07-06,60260.958333333336
2025-07-07,60634.63888888889
2025-07-08,60972.36111111111
2025-07-09,60954.0
2025-07-10,60942.36111111111
2025-07-11,60953.006944444445
2025-07-12,60663.42361111111
2025-07-13,60318.86111111111
2025-07-14,60686.109489051094
2025-07-15,60395.333333333336
2025-07-16,60661.67361111111
2025-07-17,60602.46527777778
2025-07-18,60526.125
2025-07-19,60507.5625
2025-07-20,60217.59027777778
2025-07-21,60673.46527777778
2025-07-22,60462.819444444445
2025-07-23,60312.25
2025-07-24,59879.1875
2025-07-25,59736.09027777778
2025-07-26,60018.32638888889
2025-07-27,59744.305555555555
2025-07-28,60303.29861111111
2025-07-29,60355.02777777778
2025-07-30,60388.84722222222
2025-07-31,60336.5625
2025-08-01,60138.555555555555
2025-08-02,60060.13888888889
2025-08-03,59721.88372093023
2025-08-04,60161.708333333336
2025-08-05,60157.069444444445
2025-08-06,60276.694444444445
2025-08-07,59936.195804195806
2025-08-08,60318.520833333336
2025-08-09,60097.47222222222
2025-08-10,59816.506944444445
2025-08-11,60535.67361111111
2025-08-12,60511.145833333336
2025-08-13,59486.818181818184
2025-08-14,60061.069444444445
2025-08-15,59810.86111111111
2025-08-16,59972.458333333336
2025-08-17,59620.305555555555
2025-08-18,60094.631944444445
2025-08-19,59883.23611111111
2025-08-20,59815.15972222222
2025-08-21,59858.666666666664
2025-08-22,60194.65476190476
2025-08-25,59991.04285714286
2025-08-26,59773.692307692305
2025-08-27,59688.32638888889
2025-08-28,59769.569444444445
2025-08-29,59692.09027777778
2025-08-30,59701.11111111111
2025-08-31,59432.37404580152
2025-09-01,60202.22522522522
2025-09-02,59670.73426573427
2025-09-03,60126.47222222222
2025-09-04,60205.694444444445
2025-09-05,59913.38888888889
2025-09-06,59367.993055555555
2025-09-07,59391.791666666664
2025-09-08,59914.368055555555
2025-09-09,60150.104166666664
2025-09-10,59958.854166666664
2025-09-11,60165.92361111111
2025-09-12,60171.82638888889
2025-09-13,60050.381944444445
2025-09-14,59626.84722222222
2025-09-15,60184.729166666664
2025-09-16,60115.805555555555
2025-09-17,60288.694444444445
2025-09-18,60265.930555555555
2025-09-19,60277.40972222222
2025-09-20,60136.13888888889
2025-09-21,59768.319444444445
2025-09-22,60108.71527777778
2025-09-23,60167.208333333336
2025-09-24,60046.53472222222
2025-09-25,60009.805555555555
2025-09-26,59911.479166666664
2025-09-27,58088.21527777778
2025-09-28,59327.166666666664
2025-09-29,59902.47222222222
2025-09-30,59800.27272727273
2025-10-01,59650.96527777778
2025-10-02,59463.73611111111
2025-10-03,59949.02777777778
2025-10-04,59683.319444444445
2025-10-05,59223.283687943265
2025-10-06,59785.958333333336
2025-10-07,59881.97222222222
2025-10-08,60116.375
2025-10-09,60182.333333333336
2025-10-10,60097.15277777778
2025-10-11,59932.45138888889
2025-10-12,59385.045454545456
2025-10-13,60252.13888888889
2025-10-14,60206.680555555555
2025-10-15,60186.618055555555
2025-10-16,60252.868055555555
2025-10-17,60297.40972222222
2025-10-18,59937.180555555555
2025-10-19,59462.45138888889
2025-10-20,59630.569444444445
2025-10-21,59543.868055555555
2025-10-22,59726.06293706294
2025-10-23,59589.04861111111
2025-10-24,59625.40277777778
2025-10-25,59439.256944444445
2025-10-26,59248.520833333336
2025-10-27,59745.020833333336
2025-10-28,59587.90972222222
2025-10-29,59639.4375
2025-10-30,59687.993055555555
2025-10-31,59688.65972222222
2025-11-01,59537.17361111111
2025-11-02,59122.083333333336
2025-11-03,59819.06993006993
2025-11-04,59822.78461538462
2025-11-05,59544.15277777778
2025-11-06,59699.944444444445
2025-11-07,59553.729166666664
2025-11-08,58158.881944444445
2025-11-09,59041.520833333336
2025-11-10,59474.569444444445
2025-11-11,59474.76388888889
2025-11-12,59510.20138888889
2025-11-13,59433.319444444445
2025-11-14,59359.53472222222
2025-11-15,59098.208333333336
2025-11-16,58847.694444444445
2025-11-17,59180.09722222222
2025-11-18,59215.104166666664
2025-11-19,59257.333333333336
2025-11-20,59029.041666666664
2025-11-21,59251.131944444445
2025-11-22,59122.430555555555
2025-11-23,58702.75
2025-11-24,59151.82638888889
2025-11-25,59257.25
2025-11-26,59288.11111111111
2025-11-27,59162.38888888889
2025-11-28,59194.76388888889
2025-11-29,58442.769230769234
2025-11-30,58656.125
2025-12-01,59074.416666666664
2025-12-02,59125.305555555555
2025-12-03,59151.618055555555
2025-12-04,59210.79562043796
2025-12-05,58905.194444444445
2025-12-06,57632.90972222222
2025-12-07,58611.930555555555
2025-12-08,58976.65972222222
2025-12-09,58843.09722222222
2025-12-10,58685.57638888889
2025-12-11,58138.954545454544
2025-12-12,58728.34027777778
2025-12-13,58521.86111111111
2025-12-14,58426.34722222222
2025-12-15,58719.15972222222
2025-12-16,59006.520833333336
2025-12-17,58721.46527777778
2025-12-18,58396.97222222222
2025-12-19,58519.583333333336
2025-12-20,58155.708333333336
2025-12-21,57979.930555555555
2025-12-22,58484.32638888889
2025-12-23,58339.40972222222
2025-12-24,58234.583333333336
2025-12-25,58065.47222222222
2025-12-26,58298.40277777778
2025-12-27,58112.23611111111
2025-12-28,57854.45138888889
2025-12-29,58185.47222222222
2025-12-30,58418.90972222222
2025-12-31,58149.743055555555
2026-01-01,58319.583333333336
2026-01-02,58522.53472222222
2026-01-03,58333.57638888889
2026-01-04,58094.381944444445
2026-01-05,58470.0625
2026-01-06,58464.180555555555
2026-01-07,58544.770833333336
2026-01-08,58366.70138888889
2026-01-09,58480.22222222222
2026-01-10,58223.666666666664
2026-01-11,58193.15277777778
2026-01-12,58445.694444444445
2026-01-13,58427.805555555555
2026-01-14,58307.54861111111
2026-01-15,58003.194444444445
2026-01-16,58213.055555555555
2026-01-17,58135.54861111111
2026-01-18,57877.11111111111
2026-01-19,58308.59027777778
2026-01-20,58362.305555555555
2026-01-21,58523.86111111111
2026-01-22,58345.229166666664
2026-01-23,57890.15277777778
2026-01-24,57654.03472222222
2026-01-25,57393.493055555555
2026-01-26,57493.96527777778
2026-01-27,57891.194444444445
2026-01-28,57313.770833333336
2026-01-29,57817.59027777778
2026-01-30,57947.430555555555
2026-01-31,57880.381944444445
2026-02-01,57561.770833333336
2026-02-02,58165.569444444445
2026-02-03,58181.916666666664
2026-02-04,58144.208333333336
2026-02-05,57850.77777777778
2026-02-06,58130.083333333336
2026-02-07,58039.375
2026-02-08,57810.8125
2026-02-09,57563.40909090909
2026-02-10,58280.27777777778
2026-02-11,58266.430555555555
2026-02-12,58220.493055555555
2026-02-13,58205.3125
2026-02-14,57615.041666666664
2026-02-15,57225.63888888889
2026-02-16,58257.993055555555
2026-02-17,58185.416666666664
2026-02-18,58039.31690140845
2026-02-19,58034.118055555555
2026-02-20,58182.604166666664
2026-02-21,58030.22222222222
2026-02-22,57653.3125
2026-02-23,57786.03472222222
2026-02-24,57622.875
2026-02-25,57723.319444444445
2026-02-26,57556.944444444445
2026-02-27,57878.166666666664
2026-02-28,56863.88888888889
2026-03-01,57577.84027777778
2026-03-02,58051.166666666664
2026-03-03,57910.055555555555
2026-03-04,57799.305555555555
2026-03-05,58010.756944444445
2026-03-06,57950.125
2026-03-07,57822.53472222222
2026-03-08,57622.72222222222
2026-03-09,58048.59027777778
2026-03-10,57991.881944444445
2026-03-11,58059.92361111111
2026-03-12,57954.90277777778
2026-03-13,57888.6875
2026-03-14,57805.45138888889
2026-03-15,57356.354166666664
2026-03-16,57769.25
2026-03-17,57802.71527777778
2026-03-18,57790.833333333336
2026-03-19,57662.0
2026-03-20,57667.71527777778
2026-03-21,57526.0625
2026-03-22,57384.79861111111
2026-03-23,57626.61111111111
2026-03-24,57566.131944444445
2026-03-25,57499.54861111111
2026-03-26,57455.604166666664
2026-03-27,57434.17361111111
2026-03-28,57352.54861111111
2026-03-29,57009.09027777778
2026-03-30,57070.79861111111
2026-03-31,57335.069444444445
2026-04-01,57447.104166666664
2026-04-02,57389.381944444445
2026-04-03,57215.868055555555
2026-04-04,57376.59027777778
2026-04-05,57091.520833333336
2026-04-06,57424.944444444445
2026-04-07,57295.28472222222
2026-04-08,56303.583333333336
2026-04-09,57300.194444444445
2026-04-10,56925.681818181816
2026-04-11,57298.381944444445
2026-04-12,57107.305555555555
2026-04-13,57526.631944444445
2026-04-14,57433.79861111111
2026-04-15,57428.083333333336
2026-04-16,57422.5
2026-04-17,57508.625
2026-04-18,57381.01388888889
2026-04-19,57098.770833333336
2026-04-20,57379.520833333336
2026-04-21,57350.11111111111
2026-04-22,57491.72222222222
2026-04-23,57154.9375
2026-04-24,57180.79861111111
2026-04-25,57041.479166666664
2026-04-26,56830.3125
2026-04-27,57190.61111111111
2026-04-28,56937.833333333336
2026-04-29,56900.208333333336
2026-04-30,56721.055555555555
2026-05-01,56367.471830985916
2026-05-02,56588.208333333336
2026-05-03,55868.612676056335
2026-05-04,56669.79861111111
2026-05-05,56832.895833333336
2026-05-06,56810.0
2026-05-07,56758.069444444445
2026-05-08,56365.51048951049
2026-05-09,56464.631944444445
2026-05-10,56244.625
2026-05-11,56702.32867132867
2026-05-12,56514.256944444445
2026-05-13,56499.84027777778
2026-05-14,55813.54861111111
2026-05-15,56420.293706293705
2026-05-16,56423.604166666664
2026-05-17,56004.21527777778
2026-05-18,56342.5625
2026-05-19,56455.6875
2026-05-20,56493.5625
2026-05-21,56556.444444444445
2026-05-22,56439.979166666664
2026-05-23,56233.76388888889
2026-05-24,56026.57638888889
2026-05-25,56325.48611111111
2026-05-26,56065.20138888889
2026-05-27,56087.930555555555
2026-05-28,55958.9375
2026-05-29,55989.729166666664
2026-05-30,55934.48611111111
2026-05-31,55715.82638888889
2026-06-01,56160.166666666664
2026-06-02,55892.625
2026-06-03,56189.45138888889
2026-06-04,56253.131944444445
2026-06-05,56053.555555555555
2026-06-06,56019.5
2026-06-07,55776.07638888889
2026-06-08,55888.0625
2026-06-09,55727.5
2026-06-10,56127.694444444445
2026-06-11,55543.895833333336
2026-06-12,56098.40972222222
2026-06-13,55976.819444444445
2026-06-14,55850.63888888889
2026-06-15,56065.88888888889
2026-06-16,55969.40277777778
2026-06-17,55960.38888888889
2026-06-18,55987.17361111111
2026-06-19,55993.03472222222
2026-06-20,54103.542253521126
2026-06-21,55550.02777777778
2026-06-22,55677.305555555555
2026-06-23,55849.854166666664
2026-06-24,55781.430555555555
2026-06-25,55270.916666666664
2026-06-26,54578.59722222222
2026-06-27,55717.03472222222
2026-06-28,55418.694444444445
2026-06-29,55962.34027777778
2026-06-30,55933.770833333336
2026-07-01,55993.09722222222
2026-07-02,55980.78472222222
2026-07-03,55937.1875
2026-07-04,55944.243055555555
2026-07-05,55450.125
2026-07-06,55833.458333333336
2026-07-07,54309.756944444445
2026-07-08,55527.368055555555
2026-07-09,55938.25
2026-07-10,56025.34027777778
2026-07-11,55636.166666666664
2026-07-12,55360.131944444445
2026-07-13,55703.743055555555
2026-07-14,55621.305555555555
2026-07-15,54996.041666666664
2026-07-16,55902.708333333336
2026-07-17,55447.618055555555
2026-07-18,54193.3125
2026-07-19,55173.993055555555
2026-07-20,55799.96527777778
2026-07-21,55712.6875
2026-07-22,55831.5
2026-07-23,55208.555555555555
2026-07-24,54986.86111111111
2026-07-25,54208.430555555555
2026-07-26,55165.131944444445
2026-07-27,55735.993055555555
2026-07-28,55717.82638888889
2026-07-29,55445.82638888889
2026-07-30,55231.34027777778
2026-07-31,54836.88888888889
2026-08-01,55119.52777777778
2026-08-02,54684.458333333336
2026-08-03,55129.458333333336
2026-08-04,54534.65972222222
2026-08-05,54840.493055555555
2026-08-06,54633.166666666664
2026-08-07,54495.506944444445
2026-08-08,53754.77272727273
2026-08-09,53868.70138888889
2026-08-10,54242.29861111111
2026-08-11,53890.90277777778
2026-08-12,53961.75
2026-08-13,54097.805555555555
2026-08-14,54033.01388888889
2026-08-15,53856.708333333336
2026-08-16,53678.194444444445
2026-08-17,54007.90972222222
2026-08-18,53859.381944444445
2026-08-19,53801.833333333336
2026-08-20,53847.79861111111
2026-08-21,53866.131944444445
2026-08-22,53769.583333333336
2026-08-23,53261.694444444445
2026-08-24,53595.5
2026-08-25,53549.40972222222
2026-08-26,53316.07638888889
2026-08-27,53596.9375
2026-08-28,53390.13888888889
2026-08-29,53152.895833333336
2026-08-30,53236.11111111111
2026-08-31,53670.88888888889
2026-09-01,53644.625
2026-09-02,52452.895833333336
2026-09-03,52687.368055555555
2026-09-04,53223.305555555555
2026-09-05,53250.07638888889
2026-09-06,53005.319444444445
2026-09-07,53344.59027777778
2026-09-08,53423.09027777778
2026-09-09,53404.479166666664
2026-09-10,53393.15277777778
2026-09-11,53371.243055555555
2026-09-12,53084.708333333336
2026-09-13,52031.944444444445
2026-09-14,52916.131944444445
2026-09-15,53120.569444444445
2026-09-16,53061.868055555555
2026-09-17,52669.145833333336
2026-09-18,53150.13888888889
2026-09-19,52897.9375
2026-09-20,52162.17361111111
2026-09-21,52743.1875
2026-09-22,51934.069444444445
2026-09-23,52686.88888888889
2026-09-24,52611.63888888889
2026-09-25,52336.75
2026-09-26,52308.88888888889
2026-09-27,52057.006944444445
2026-09-28,52446.63888888889
2026-09-29,51980.88888888889
2026-09-30,51911.5625
2026-10-01,51860.708333333336
2026-10-02,51600.916666666664
2026-10-03,51850.083333333336
2026-10-04,51482.26388888889
2026-10-05,51938.79861111111
2026-10-06,51915.131944444445
